{
  "Sprinkle_yellow": {
    "rgb": [
      0.8000000715255737,
      0.6814905405044556,
      0.19970673322677612
    ],
    "spec": {
      "type": "REFLECTANCE_NATURAL",
      "rgb_d65": [
        0.608385924123876,
        0.5419811503545314,
        0.18690799176549783
      ],
      "end_nm": 700,
      "data": [
        0.0412,
        0.0406,
        0.044,
        0.0423,
        0.0433,
        0.0446,
        0.0456,
        0.0471,
        0.0489,
        0.0515,
        0.0505,
        0.0519,
        0.0576,
        0.0613,
        0.0684,
        0.0752,
        0.0801,
        0.0838,
        0.0925,
        0.1019,
        0.1134,
        0.1358,
        0.1674,
        0.2021,
        0.235,
        0.2586,
        0.274,
        0.2822,
        0.291,
        0.2927,
        0.291,
        0.2915,
        0.2812,
        0.2893,
        0.2938,
        0.2925,
        0.286,
        0.2888,
        0.2877,
        0.2872,
        0.287,
        0.2877,
        0.2863,
        0.2851,
        0.2883,
        0.2883,
        0.2851,
        0.2879,
        0.2848,
        0.2839,
        0.285,
        0.2887,
        0.2864,
        0.2827,
        0.2875,
        0.2848,
        0.2874,
        0.2878,
        0.2878,
        0.2872,
        0.2914
      ],
      "resolution": 5,
      "start_nm": 400,
      "name": "munsell/m_7.5Y6_8",
      "type_max": 1,
      "xyz_d65": [
        1.2947547057546698,
        1.4198031048241844,
        0.3598919558132353
      ]
    }
  },
  "ceramic": {
    "rgb": [
      0.800000011920929,
      0.800000011920929,
      0.800000011920929
    ],
    "spec": {
      "type": "REFLECTANCE_NATURAL",
      "rgb_d65": [
        0.6670710958555206,
        0.6366513587125437,
        0.5971162056427018
      ],
      "end_nm": 700,
      "data": [
        0.2936,
        0.3255,
        0.3348,
        0.3347,
        0.3341,
        0.3297,
        0.327,
        0.3301,
        0.3275,
        0.3252,
        0.3248,
        0.3243,
        0.3223,
        0.3236,
        0.3278,
        0.3246,
        0.3229,
        0.3219,
        0.3163,
        0.3159,
        0.3235,
        0.3344,
        0.3415,
        0.3494,
        0.3542,
        0.3511,
        0.3502,
        0.3522,
        0.3538,
        0.3615,
        0.3733,
        0.3858,
        0.3801,
        0.3911,
        0.3935,
        0.3918,
        0.3888,
        0.3926,
        0.3886,
        0.3858,
        0.3886,
        0.3864,
        0.3849,
        0.3831,
        0.3856,
        0.3801,
        0.3785,
        0.3801,
        0.3775,
        0.3772,
        0.3785,
        0.3747,
        0.3714,
        0.3693,
        0.3728,
        0.3744,
        0.3718,
        0.3711,
        0.3684,
        0.3667,
        0.3692
      ],
      "resolution": 5,
      "start_nm": 400,
      "name": "munsell/m_10YR7_1",
      "type_max": 1,
      "xyz_d65": [
        1.9693453145125717,
        2.0544933029925994,
        1.957769218618688
      ]
    }
  },
  "Sprinkle_pink": {
    "rgb": [
      0.8000000715255737,
      0.33177450299263,
      0.6412883996963501
    ],
    "spec": {
      "rgb_d65": [
        0.551571235885256,
        0.268558590109068,
        0.450952046257137
      ],
      "end_nm": 700,
      "data": [
        0.1993,
        0.2099,
        0.2145,
        0.2114,
        0.2121,
        0.2066,
        0.2002,
        0.1939,
        0.1855,
        0.1768,
        0.1659,
        0.1583,
        0.1499,
        0.1414,
        0.1345,
        0.1248,
        0.1159,
        0.1056,
        0.1008,
        0.0937,
        0.0899,
        0.0856,
        0.0796,
        0.0727,
        0.0678,
        0.0616,
        0.0618,
        0.06,
        0.0629,
        0.0633,
        0.0644,
        0.0624,
        0.0617,
        0.0623,
        0.0659,
        0.074,
        0.0843,
        0.0979,
        0.1128,
        0.1319,
        0.1511,
        0.18,
        0.209,
        0.2439,
        0.2735,
        0.3035,
        0.331,
        0.3506,
        0.3661,
        0.3829,
        0.3941,
        0.4036,
        0.4101,
        0.4181,
        0.4211,
        0.4253,
        0.4273,
        0.4293,
        0.4356,
        0.4402,
        0.4444
      ],
      "resolution": 5,
      "start_nm": 400,
      "name": "munsell/m_2.5RP4_10",
      "type_max": 1,
      "type": "REFLECTANCE_NATURAL",
      "xyz_d65": [
        0.8998364137600315,
        0.6176759021571377,
        0.9773269811818359
      ]
    }
  },
  "Sprinkle_green": {
    "rgb": [
      0.18169596791267395,
      0.8000000715255737,
      0.19227562844753265
    ],
    "spec": {
      "rgb_d65": [
        0.29879201141816225,
        0.6012943967202932,
        0.2724393357088529
      ],
      "end_nm": 700,
      "data": [
        0.0582,
        0.0572,
        0.0592,
        0.0591,
        0.0585,
        0.0596,
        0.061,
        0.0628,
        0.0631,
        0.0662,
        0.0712,
        0.0741,
        0.0823,
        0.0904,
        0.1024,
        0.1157,
        0.1323,
        0.1554,
        0.1791,
        0.2151,
        0.2532,
        0.2958,
        0.3301,
        0.3554,
        0.3711,
        0.374,
        0.3728,
        0.3657,
        0.3571,
        0.3426,
        0.326,
        0.3091,
        0.2877,
        0.2698,
        0.2535,
        0.2337,
        0.2141,
        0.1937,
        0.1755,
        0.1557,
        0.14,
        0.1241,
        0.1156,
        0.1066,
        0.1014,
        0.0972,
        0.0952,
        0.0927,
        0.0892,
        0.0882,
        0.086,
        0.0844,
        0.0844,
        0.0828,
        0.0859,
        0.0869,
        0.0901,
        0.092,
        0.097,
        0.0988,
        0.1027
      ],
      "resolution": 5,
      "start_nm": 400,
      "name": "munsell/m_10GY6_10",
      "type_max": 1,
      "type": "REFLECTANCE_NATURAL",
      "xyz_d65": [
        0.8671168209859076,
        1.3886450624676572,
        0.5409945166075125
      ]
    }
  },
  "Sprinkle_white": {
    "rgb": [
      0.800000011920929,
      0.800000011920929,
      0.800000011920929
    ],
    "spec": {
      "type": "REFLECTANCE_NATURAL",
      "rgb_d65": [
        0.6670710958555206,
        0.6366513587125437,
        0.5971162056427018
      ],
      "end_nm": 700,
      "data": [
        0.2936,
        0.3255,
        0.3348,
        0.3347,
        0.3341,
        0.3297,
        0.327,
        0.3301,
        0.3275,
        0.3252,
        0.3248,
        0.3243,
        0.3223,
        0.3236,
        0.3278,
        0.3246,
        0.3229,
        0.3219,
        0.3163,
        0.3159,
        0.3235,
        0.3344,
        0.3415,
        0.3494,
        0.3542,
        0.3511,
        0.3502,
        0.3522,
        0.3538,
        0.3615,
        0.3733,
        0.3858,
        0.3801,
        0.3911,
        0.3935,
        0.3918,
        0.3888,
        0.3926,
        0.3886,
        0.3858,
        0.3886,
        0.3864,
        0.3849,
        0.3831,
        0.3856,
        0.3801,
        0.3785,
        0.3801,
        0.3775,
        0.3772,
        0.3785,
        0.3747,
        0.3714,
        0.3693,
        0.3728,
        0.3744,
        0.3718,
        0.3711,
        0.3684,
        0.3667,
        0.3692
      ],
      "resolution": 5,
      "start_nm": 400,
      "name": "munsell/m_10YR7_1",
      "type_max": 1,