{
  "Sprinkle_yellow": [
    0.8000000715255737,
    0.6814905405044556,
    0.19970673322677612
  ],
  "ceramic": [
    0.800000011920929,
    0.800000011920929,
    0.800000011920929
  ],
  "Sprinkle_pink": [
    0.8000000715255737,
    0.33177450299263,
    0.6412883996963501
  ],
  "Sprinkle_green": [
    0.18169596791267395,
    0.8000000715255737,
    0.19227562844753265
  ],
  "Sprinkle_white": [
    0.800000011920929,
    0.800000011920929,
    0.800000011920929
  ],
  "Material.001": [
    0.8000000715255737,
    0.38606005907058716,
    0.745212972164154
  ],
  "Material.003": [
    0.23455063998699188,
    0.13013650476932526,
    0.061246052384376526
  ],
  "Sprinkle_blue": [
    0.17265847325325012,
    0.2921043634414673,
    0.8000000715255737
  ],
  "Material.006": [
    0.800000011920929,
    0.800000011920929,
    0.800000011920929
  ],
  "Sprinkle_red": [
    0.8000000715255737,
    0.06485851854085922,
    0.06485851854085922
  ],
  "Sprinkle_orange": [
    0.8000000715255737,
    0.38259902596473694,
    0.11270785331726074
  ],
  "donut": [
    0.8000000715255737,
    0.5095555186271667,
    0.17674359679222107
  ]
}