{
    "name": "munsell/m_7.5YR7_4",
    "type": "REFLECTANCE_NATURAL",
    "type_max": 1,
    "start_nm": 400,
    "end_nm": 700,
    "resolution": 5,
    "data": [
        0.21479584,
        0.22792098,
        0.23428386,
        0.22989965,
        0.22423861,
        0.22402362,
        0.22167296,
        0.21900244,
        0.21867116,
        0.21928037,
        0.21899237,
        0.21589456,
        0.21954325,
        0.21930425,
        0.22035522,
        0.21995773,
        0.2186738,
        0.21616014,
        0.20821025,
        0.21225459,
        0.22452463,
        0.23795534,
        0.25480715,
        0.27368315,
        0.28079978,
        0.27814332,
        0.28156608,
        0.28489928,
        0.2872659,
        0.30526349,
        0.33922273,
        0.37491217,
        0.3893155,
        0.41837834,
        0.42617998,
        0.43018745,
        0.42794815,
        0.43070806,
        0.43017867,
        0.43146185,
        0.43132802,
        0.42937358,
        0.43044805,
        0.42763767,
        0.42527187,
        0.42839324,
        0.42496581,
        0.42515004,
        0.42345593,
        0.42612325,
        0.4189449,
        0.41583739,
        0.42041119,
        0.41486076,
        0.414409,
        0.4201328,
        0.41691686,
        0.41279141,
        0.41383674,
        0.41285021,
        0.41304463
    ]
}