{
    "name": "natural/R1",
    "type": "REFLECTANCE_NATURAL",
    "type_max": 1,
    "start_nm": 400,
    "end_nm": 700,
    "resolution": 5,
    "data": [
        0.1281738,
        0.06665039,
        0.0,
        0.09228516,
        0.07763672,
        0.04003906,
        0.0546875,
        0.06738281,
        0.07714844,
        0.06494141,
        0.07397461,
        0.07080078,
        0.07446289,
        0.06982422,
        0.07080078,
        0.07397461,
        0.07885742,
        0.07885742,
        0.0859375,
        0.09350586,
        0.09887695,
        0.1176758,
        0.1499023,
        0.1813965,
        0.2246094,
        0.2478027,
        0.2780762,
        0.2910156,
        0.2868652,
        0.296875,
        0.291748,
        0.279541,
        0.2724609,
        0.2463379,
        0.2312012,
        0.2116699,
        0.1958008,
        0.184082,
        0.1809082,
        0.1730957,
        0.1647949,
        0.1525879,
        0.1401367,
        0.1413574,
        0.1369629,
        0.1379395,
        0.1359863,
        0.1247559,
        0.1149902,
        0.1022949,
        0.09741211,
        0.09082031,
        0.08911133,
        0.09643555,
        0.09155273,
        0.09326172,
        0.1118164,
        0.135498,
        0.1748047,
        0.2446289,
        0.3435059
    ]
}