{
    "name": "natural/R10",
    "type": "REFLECTANCE_NATURAL",
    "type_max": 1,
    "start_nm": 400,
    "end_nm": 700,
    "resolution": 5,
    "data": [
        0.4228516,
        0.07128906,
        0.0769043,
        0.130127,
        0.114502,
        0.08764648,
        0.09863281,
        0.08691406,
        0.08422852,
        0.09130859,
        0.08496094,
        0.08203125,
        0.08105469,
        0.08129883,
        0.08349609,
        0.08056641,
        0.08544922,
        0.08374023,
        0.08642578,
        0.09057617,
        0.09741211,
        0.1040039,
        0.1213379,
        0.1320801,
        0.1503906,
        0.1711426,
        0.1831055,
        0.1865234,
        0.1911621,
        0.1938477,
        0.1914063,
        0.1787109,
        0.1728516,
        0.1591797,
        0.1494141,
        0.1452637,
        0.1391602,
        0.1296387,
        0.1237793,
        0.1223145,
        0.1191406,
        0.1118164,
        0.1066895,
        0.1025391,
        0.1064453,
        0.1035156,
        0.1018066,
        0.0949707,
        0.09277344,
        0.09228516,
        0.09057617,
        0.08544922,
        0.08129883,
        0.08544922,
        0.09619141,
        0.0925293,
        0.1088867,
        0.119873,
        0.1403809,
        0.1791992,
        0.232666
    ]
}