{
    "name": "natural/R100",
    "type": "REFLECTANCE_NATURAL",
    "type_max": 1,
    "start_nm": 400,
    "end_nm": 700,
    "resolution": 5,
    "data": [
        0.333252,
        0.4675293,
        0.4729004,
        0.4343262,
        0.4187012,
        0.4914551,
        0.4931641,
        0.5046387,
        0.4875488,
        0.4956055,
        0.4777832,
        0.4631348,
        0.4436035,
        0.4294434,
        0.407959,
        0.3874512,
        0.3601074,
        0.3359375,
        0.3146973,
        0.3081055,
        0.3056641,
        0.2807617,
        0.2658691,
        0.2495117,
        0.2490234,
        0.237793,
        0.2402344,
        0.2485352,
        0.2431641,
        0.2548828,
        0.2666016,
        0.2856445,
        0.2963867,
        0.3100586,
        0.3249512,
        0.3513184,
        0.3752441,
        0.404541,
        0.4311523,
        0.4714355,
        0.5310059,
        0.5756836,
        0.626709,
        0.6677246,
        0.6826172,
        0.7143555,
        0.7333984,
        0.7797852,
        0.7993164,
        0.8137207,
        0.8364258,
        0.838623,
        0.8505859,
        0.8564453,
        0.8701172,
        0.873291,
        0.8708496,
        0.8496094,
        0.854248,
        0.8459473,
        0.8571777
    ]
}