{
    "name": "natural/R101",
    "type": "REFLECTANCE_NATURAL",
    "type_max": 1,
    "start_nm": 400,
    "end_nm": 700,
    "resolution": 5,
    "data": [
        0.222168,
        0.2258301,
        0.2365723,
        0.1801758,
        0.1750488,
        0.2033691,
        0.1870117,
        0.1999512,
        0.1743164,
        0.1750488,
        0.1726074,
        0.1474609,
        0.1264648,
        0.1105957,
        0.09716797,
        0.08569336,
        0.06616211,
        0.05834961,
        0.04980469,
        0.04492188,
        0.04321289,
        0.03588867,
        0.03735352,
        0.02929688,
        0.03173828,
        0.03320313,
        0.03027344,
        0.03198242,
        0.03759766,
        0.03491211,
        0.04174805,
        0.04589844,
        0.05371094,
        0.06005859,
        0.07104492,
        0.08251953,
        0.1025391,
        0.119873,
        0.1381836,
        0.1723633,
        0.2209473,
        0.2646484,
        0.3061523,
        0.3510742,
        0.3833008,
        0.4199219,
        0.4702148,
        0.5393066,
        0.5695801,
        0.5974121,
        0.626709,
        0.6479492,
        0.6818848,
        0.6958008,
        0.7033691,
        0.7077637,
        0.7277832,
        0.7043457,
        0.7131348,
        0.704834,
        0.7001953
    ]
}