{
    "name": "natural/R102",
    "type": "REFLECTANCE_NATURAL",
    "type_max": 1,
    "start_nm": 400,
    "end_nm": 700,
    "resolution": 5,
    "data": [
        0.5925293,
        0.2902832,
        0.2687988,
        0.1967773,
        0.1936035,
        0.1525879,
        0.1625977,
        0.1733398,
        0.1599121,
        0.1635742,
        0.1638184,
        0.1628418,
        0.1647949,
        0.1660156,
        0.1606445,
        0.1679688,
        0.173584,
        0.1784668,
        0.1906738,
        0.2041016,
        0.215332,
        0.2385254,
        0.2763672,
        0.2998047,
        0.3273926,
        0.3500977,
        0.3706055,
        0.3811035,
        0.3737793,
        0.3786621,
        0.3740234,
        0.3723145,
        0.362793,
        0.3525391,
        0.3395996,
        0.3210449,
        0.3105469,
        0.3029785,
        0.2941895,
        0.2883301,
        0.2814941,
        0.279541,
        0.2692871,
        0.2612305,
        0.2592773,
        0.2568359,
        0.2536621,
        0.2539063,
        0.2365723,
        0.223877,
        0.2177734,
        0.2145996,
        0.199707,
        0.1894531,
        0.1831055,
        0.1811523,
        0.1984863,
        0.2319336,
        0.2807617,
        0.3415527,
        0.404541
    ]
}