{
    "name": "natural/R103",
    "type": "REFLECTANCE_NATURAL",
    "type_max": 1,
    "start_nm": 400,
    "end_nm": 700,
    "resolution": 5,
    "data": [
        0.6665039,
        0.5644531,
        0.7094727,
        0.7375488,
        0.7561035,
        0.7497559,
        0.7722168,
        0.7958984,
        0.760498,
        0.7736816,
        0.7607422,
        0.7822266,
        0.7924805,
        0.7856445,
        0.786377,
        0.7792969,
        0.7697754,
        0.7810059,
        0.7790527,
        0.7998047,
        0.8063965,
        0.795166,
        0.8068848,
        0.8015137,
        0.7961426,
        0.8061523,
        0.8098145,
        0.8083496,
        0.7912598,
        0.8125,
        0.8137207,
        0.8171387,
        0.826416,
        0.8256836,
        0.8291016,
        0.8322754,
        0.8352051,
        0.8320313,
        0.8310547,
        0.8273926,
        0.8430176,
        0.8522949,
        0.8518066,
        0.862793,
        0.8637695,
        0.8659668,
        0.8498535,
        0.8630371,
        0.8466797,
        0.8498535,
        0.8562012,
        0.8676758,
        0.8657227,
        0.8632813,
        0.859375,
        0.8615723,
        0.8598633,
        0.8417969,
        0.8676758,
        0.8666992,
        0.8552246
    ]
}