{
    "name": "natural/R104",
    "type": "REFLECTANCE_NATURAL",
    "type_max": 1,
    "start_nm": 400,
    "end_nm": 700,
    "resolution": 5,
    "data": [
        0.333252,
        0.08056641,
        0.04296875,
        0.1147461,
        0.09375,
        0.09326172,
        0.09204102,
        0.07055664,
        0.07421875,
        0.06445313,
        0.06469727,
        0.0715332,
        0.06982422,
        0.06738281,
        0.06689453,
        0.06494141,
        0.06835938,
        0.05786133,
        0.05786133,
        0.05151367,
        0.05200195,
        0.05883789,
        0.05639648,
        0.05175781,
        0.05493164,
        0.04956055,
        0.0534668,
        0.05444336,
        0.05322266,
        0.05957031,
        0.06762695,
        0.07202148,
        0.08251953,
        0.09448242,
        0.1105957,
        0.144043,
        0.190918,
        0.2443848,
        0.2875977,
        0.3569336,
        0.4482422,
        0.5205078,
        0.5710449,
        0.6191406,
        0.6374512,
        0.668457,
        0.6843262,
        0.7160645,
        0.7294922,
        0.7277832,
        0.7392578,
        0.7529297,
        0.7548828,
        0.7683105,
        0.7631836,
        0.755127,
        0.7609863,
        0.744873,
        0.75,
        0.7353516,
        0.730957
    ]
}