{
    "name": "natural/R105",
    "type": "REFLECTANCE_NATURAL",
    "type_max": 1,
    "start_nm": 400,
    "end_nm": 700,
    "resolution": 5,
    "data": [
        0.0,
        0.0769043,
        0.04199219,
        0.03466797,
        0.03466797,
        0.01171875,
        0.02734375,
        0.02392578,
        0.02270508,
        0.02001953,
        0.0222168,
        0.01977539,
        0.02294922,
        0.02246094,
        0.02099609,
        0.02197266,
        0.02368164,
        0.0222168,
        0.02416992,
        0.02392578,
        0.02490234,
        0.0234375,
        0.02490234,
        0.02587891,
        0.02539063,
        0.02539063,
        0.02856445,
        0.0246582,
        0.0246582,
        0.02441406,
        0.02563477,
        0.02246094,
        0.02416992,
        0.02514648,
        0.02612305,
        0.02734375,
        0.02563477,
        0.02661133,
        0.02539063,
        0.02563477,
        0.0234375,
        0.02246094,
        0.02539063,
        0.02392578,
        0.02563477,
        0.02587891,
        0.02709961,
        0.03027344,
        0.02905273,
        0.03344727,
        0.03442383,
        0.03466797,
        0.03100586,
        0.03442383,
        0.03295898,
        0.03710938,
        0.03295898,
        0.04101563,
        0.0559082,
        0.07958984,
        0.1162109
    ]
}