{
    "name": "natural/R106",
    "type": "REFLECTANCE_NATURAL",
    "type_max": 1,
    "start_nm": 400,
    "end_nm": 700,
    "resolution": 5,
    "data": [
        0.5622559,
        0.1230469,
        0.08422852,
        0.09570313,
        0.06347656,
        0.06982422,
        0.06689453,
        0.0546875,
        0.05224609,
        0.05273438,
        0.05004883,
        0.05102539,
        0.05249023,
        0.05371094,
        0.0534668,
        0.0534668,
        0.05664063,
        0.05639648,
        0.05737305,
        0.05810547,
        0.05859375,
        0.06176758,
        0.06518555,
        0.07055664,
        0.06542969,
        0.07128906,
        0.07763672,
        0.08300781,
        0.08374023,
        0.08227539,
        0.08666992,
        0.08691406,
        0.09130859,
        0.0871582,
        0.09326172,
        0.09838867,
        0.09667969,
        0.09570313,
        0.09472656,
        0.0925293,
        0.09130859,
        0.09106445,
        0.09082031,
        0.08642578,
        0.08666992,
        0.09179688,
        0.09570313,
        0.09667969,
        0.109375,
        0.1142578,
        0.1130371,
        0.1176758,
        0.112793,
        0.1052246,
        0.09741211,
        0.09741211,
        0.104248,
        0.1166992,
        0.1503906,
        0.2026367,
        0.2646484
    ]
}