{
    "name": "natural/R107",
    "type": "REFLECTANCE_NATURAL",
    "type_max": 1,
    "start_nm": 400,
    "end_nm": 700,
    "resolution": 5,
    "data": [
        0.4375,
        0.1845703,
        0.3261719,
        0.3476563,
        0.3293457,
        0.333252,
        0.3596191,
        0.3400879,
        0.354248,
        0.3500977,
        0.3603516,
        0.3579102,
        0.3620605,
        0.3566895,
        0.3596191,
        0.3588867,
        0.3557129,
        0.3649902,
        0.3574219,
        0.3688965,
        0.3786621,
        0.378418,
        0.3808594,
        0.3833008,
        0.3901367,
        0.3920898,
        0.3979492,
        0.4094238,
        0.411377,
        0.4042969,
        0.4055176,
        0.4157715,
        0.4187012,
        0.4211426,
        0.4216309,
        0.4250488,
        0.4309082,
        0.4255371,
        0.4343262,
        0.4316406,
        0.4353027,
        0.442627,
        0.4387207,
        0.4362793,
        0.4396973,
        0.4367676,
        0.4504395,
        0.4594727,
        0.4482422,
        0.4506836,
        0.4550781,
        0.4470215,
        0.4470215,
        0.4438477,
        0.4558105,
        0.4526367,
        0.4472656,
        0.4541016,
        0.4611816,
        0.4541016,
        0.4851074
    ]
}