{
    "name": "natural/R108",
    "type": "REFLECTANCE_NATURAL",
    "type_max": 1,
    "start_nm": 400,
    "end_nm": 700,
    "resolution": 5,
    "data": [
        0.0625,
        0.0,
        0.01049805,
        0.03466797,
        0.03466797,
        0.06591797,
        0.04711914,
        0.04443359,
        0.04760742,
        0.0534668,
        0.05419922,
        0.04785156,
        0.04882813,
        0.05371094,
        0.05126953,
        0.04833984,
        0.04956055,
        0.04858398,
        0.05053711,
        0.0480957,
        0.05102539,
        0.04956055,
        0.05029297,
        0.05224609,
        0.0559082,
        0.05737305,
        0.05175781,
        0.05493164,
        0.05834961,
        0.05541992,
        0.05615234,
        0.06323242,
        0.06665039,
        0.06713867,
        0.07519531,
        0.08154297,
        0.09790039,
        0.1159668,
        0.1291504,
        0.1403809,
        0.1520996,
        0.1538086,
        0.1552734,
        0.157959,
        0.1560059,
        0.1591797,
        0.1606445,
        0.1567383,
        0.1447754,
        0.1345215,
        0.1210938,
        0.1101074,
        0.09765625,
        0.08862305,
        0.07958984,
        0.09130859,
        0.09814453,
        0.1303711,
        0.1906738,
        0.2849121,
        0.4055176
    ]
}