{
    "name": "natural/R109",
    "type": "REFLECTANCE_NATURAL",
    "type_max": 1,
    "start_nm": 400,
    "end_nm": 700,
    "resolution": 5,
    "data": [
        0.0625,
        0.09228516,
        0.1052246,
        0.06958008,
        0.05786133,
        0.08520508,
        0.09423828,
        0.07348633,
        0.07128906,
        0.06494141,
        0.06518555,
        0.0703125,
        0.06860352,
        0.06616211,
        0.06469727,
        0.06860352,
        0.06616211,
        0.06982422,
        0.06567383,
        0.06591797,
        0.07006836,
        0.06323242,
        0.06420898,
        0.0690918,
        0.07006836,
        0.07055664,
        0.06787109,
        0.0703125,
        0.07226563,
        0.0715332,
        0.06982422,
        0.07348633,
        0.07739258,
        0.07885742,
        0.08984375,
        0.1027832,
        0.1210938,
        0.1420898,
        0.170166,
        0.2084961,
        0.2429199,
        0.2780762,
        0.2954102,
        0.3054199,
        0.3154297,
        0.3266602,
        0.3493652,
        0.3549805,
        0.3469238,
        0.3430176,
        0.3369141,
        0.3129883,
        0.2868652,
        0.260498,
        0.2414551,
        0.2399902,
        0.2556152,
        0.300293,
        0.3959961,
        0.4785156,
        0.5480957
    ]
}