{
    "name": "natural/R11",
    "type": "REFLECTANCE_NATURAL",
    "type_max": 1,
    "start_nm": 400,
    "end_nm": 700,
    "resolution": 5,
    "data": [
        0.4228516,
        0.1784668,
        0.09887695,
        0.08935547,
        0.09033203,
        0.1035156,
        0.08178711,
        0.08178711,
        0.07788086,
        0.08447266,
        0.0871582,
        0.07983398,
        0.08520508,
        0.0859375,
        0.08618164,
        0.08496094,
        0.08959961,
        0.09228516,
        0.09326172,
        0.09399414,
        0.09082031,
        0.1003418,
        0.09912109,
        0.1000977,
        0.1025391,
        0.1025391,
        0.1069336,
        0.1069336,
        0.1098633,
        0.1149902,
        0.1184082,
        0.1188965,
        0.1176758,
        0.1213379,
        0.1186523,
        0.1203613,
        0.1281738,
        0.1276855,
        0.1271973,
        0.130127,
        0.1376953,
        0.1401367,
        0.1411133,
        0.1401367,
        0.1391602,
        0.1491699,
        0.1447754,
        0.1474609,
        0.1501465,
        0.142334,
        0.1398926,
        0.1455078,
        0.1442871,
        0.1364746,
        0.1398926,
        0.1408691,
        0.1428223,
        0.1567383,
        0.1743164,
        0.1884766,
        0.2070313
    ]
}