{
    "name": "natural/R110",
    "type": "REFLECTANCE_NATURAL",
    "type_max": 1,
    "start_nm": 400,
    "end_nm": 700,
    "resolution": 5,
    "data": [
        0.25,
        0.0769043,
        0.09472656,
        0.1826172,
        0.1213379,
        0.09692383,
        0.1018066,
        0.1008301,
        0.09741211,
        0.08813477,
        0.09863281,
        0.09741211,
        0.1071777,
        0.1071777,
        0.1025391,
        0.09960938,
        0.1071777,
        0.112793,
        0.130127,
        0.1359863,
        0.1459961,
        0.1525879,
        0.1694336,
        0.1804199,
        0.1804199,
        0.1914063,
        0.1923828,
        0.1889648,
        0.1906738,
        0.2004395,
        0.2104492,
        0.2216797,
        0.2324219,
        0.2385254,
        0.2624512,
        0.2919922,
        0.3237305,
        0.3432617,
        0.3718262,
        0.4023438,
        0.4328613,
        0.4665527,
        0.4938965,
        0.5061035,
        0.5102539,
        0.5339355,
        0.5661621,
        0.5837402,
        0.5866699,
        0.6054688,
        0.6000977,
        0.5930176,
        0.605957,
        0.6135254,
        0.6228027,
        0.6274414,
        0.6259766,
        0.6359863,
        0.6450195,
        0.6496582,
        0.6643066
    ]
}