{
    "name": "natural/R111",
    "type": "REFLECTANCE_NATURAL",
    "type_max": 1,
    "start_nm": 400,
    "end_nm": 700,
    "resolution": 5,
    "data": [
        0.1875,
        0.04614258,
        0.06323242,
        0.03466797,
        0.03466797,
        0.04272461,
        0.06201172,
        0.04272461,
        0.04760742,
        0.04492188,
        0.04931641,
        0.05053711,
        0.05053711,
        0.04736328,
        0.0480957,
        0.04833984,
        0.04589844,
        0.0456543,
        0.04907227,
        0.04858398,
        0.05224609,
        0.05126953,
        0.05029297,
        0.05297852,
        0.05029297,
        0.05273438,
        0.05273438,
        0.05541992,
        0.05273438,
        0.05541992,
        0.05493164,
        0.0612793,
        0.06494141,
        0.07495117,
        0.08105469,
        0.1003418,
        0.1311035,
        0.1611328,
        0.1977539,
        0.2478027,
        0.3032227,
        0.3520508,
        0.3962402,
        0.4128418,
        0.4372559,
        0.453125,
        0.4880371,
        0.515625,
        0.5183105,
        0.5168457,
        0.513916,
        0.4973145,
        0.4807129,
        0.4616699,
        0.4387207,
        0.434082,
        0.4641113,
        0.520752,
        0.5942383,
        0.6486816,
        0.6967773
    ]
}