{
    "name": "natural/R112",
    "type": "REFLECTANCE_NATURAL",
    "type_max": 1,
    "start_nm": 400,
    "end_nm": 700,
    "resolution": 5,
    "data": [
        0.0625,
        0.04614258,
        0.08422852,
        0.1130371,
        0.05786133,
        0.06201172,
        0.06689453,
        0.06152344,
        0.06054688,
        0.06225586,
        0.0612793,
        0.06005859,
        0.05908203,
        0.06030273,
        0.05981445,
        0.0612793,
        0.06054688,
        0.06152344,
        0.06323242,
        0.0625,
        0.06494141,
        0.06542969,
        0.06762695,
        0.06958008,
        0.07055664,
        0.07788086,
        0.07495117,
        0.07763672,
        0.08129883,
        0.08691406,
        0.0871582,
        0.09130859,
        0.0925293,
        0.0925293,
        0.09716797,
        0.09887695,
        0.1003418,
        0.1013184,
        0.105957,
        0.111084,
        0.1142578,
        0.1157227,
        0.121582,
        0.1206055,
        0.1213379,
        0.1274414,
        0.1345215,
        0.1369629,
        0.137207,
        0.1386719,
        0.137207,
        0.1359863,
        0.137207,
        0.1359863,
        0.1418457,
        0.1516113,
        0.1542969,
        0.1650391,
        0.1691895,
        0.1738281,
        0.1870117
    ]
}