{
    "name": "natural/R113",
    "type": "REFLECTANCE_NATURAL",
    "type_max": 1,
    "start_nm": 400,
    "end_nm": 700,
    "resolution": 5,
    "data": [
        0.25,
        0.09228516,
        0.06323242,
        0.06958008,
        0.04614258,
        0.06591797,
        0.06201172,
        0.06835938,
        0.05932617,
        0.0612793,
        0.05957031,
        0.05932617,
        0.06201172,
        0.0546875,
        0.05834961,
        0.05932617,
        0.05859375,
        0.05932617,
        0.0612793,
        0.06298828,
        0.06152344,
        0.06494141,
        0.07641602,
        0.08447266,
        0.08984375,
        0.0949707,
        0.09594727,
        0.1000977,
        0.1032715,
        0.1096191,
        0.1184082,
        0.125,
        0.1357422,
        0.142334,
        0.1542969,
        0.1738281,
        0.1970215,
        0.213623,
        0.2346191,
        0.2531738,
        0.2741699,
        0.2810059,
        0.2841797,
        0.2875977,
        0.2858887,
        0.2905273,
        0.2980957,
        0.2956543,
        0.2773438,
        0.2600098,
        0.2441406,
        0.220459,
        0.203125,
        0.1738281,
        0.1618652,
        0.1584473,
        0.171875,
        0.2270508,
        0.3144531,
        0.4179688,
        0.5373535
    ]
}