{
    "name": "natural/R114",
    "type": "REFLECTANCE_NATURAL",
    "type_max": 1,
    "start_nm": 400,
    "end_nm": 700,
    "resolution": 5,
    "data": [
        0.375,
        0.1538086,
        0.09472656,
        0.1218262,
        0.04614258,
        0.08129883,
        0.06958008,
        0.05639648,
        0.05004883,
        0.05175781,
        0.05737305,
        0.05249023,
        0.05004883,
        0.04956055,
        0.05517578,
        0.05078125,
        0.05249023,
        0.0534668,
        0.05249023,
        0.0534668,
        0.05517578,
        0.06323242,
        0.07275391,
        0.0793457,
        0.09692383,
        0.1176758,
        0.1330566,
        0.1347656,
        0.1362305,
        0.1352539,
        0.1342773,
        0.1262207,
        0.1174316,
        0.1123047,
        0.1032715,
        0.09033203,
        0.0871582,
        0.08032227,
        0.078125,
        0.07641602,
        0.07250977,
        0.06884766,
        0.06958008,
        0.06665039,
        0.06176758,
        0.06640625,
        0.06591797,
        0.06420898,
        0.06616211,
        0.06225586,
        0.06201172,
        0.05981445,
        0.06005859,
        0.05834961,
        0.06152344,
        0.06469727,
        0.07055664,
        0.07958984,
        0.09448242,
        0.1411133,
        0.2016602
    ]
}