{
    "name": "natural/R115",
    "type": "REFLECTANCE_NATURAL",
    "type_max": 1,
    "start_nm": 400,
    "end_nm": 700,
    "resolution": 5,
    "data": [
        0.0,
        0.0,
        0.03149414,
        0.08691406,
        0.07519531,
        0.09301758,
        0.09667969,
        0.07861328,
        0.09155273,
        0.09082031,
        0.09155273,
        0.1049805,
        0.1071777,
        0.1079102,
        0.1057129,
        0.1123047,
        0.1257324,
        0.1376953,
        0.1550293,
        0.1706543,
        0.1901855,
        0.2219238,
        0.2683105,
        0.3120117,
        0.3383789,
        0.3952637,
        0.4165039,
        0.4291992,
        0.4370117,
        0.4460449,
        0.4470215,
        0.4550781,
        0.4523926,
        0.4506836,
        0.4414063,
        0.4309082,
        0.4204102,
        0.4038086,
        0.4035645,
        0.402832,
        0.3986816,
        0.3837891,
        0.3776855,
        0.3652344,
        0.362793,
        0.3544922,
        0.3630371,
        0.3583984,
        0.3413086,
        0.3405762,
        0.3178711,
        0.2814941,
        0.260498,
        0.2355957,
        0.217041,
        0.2119141,
        0.2270508,
        0.265625,
        0.331543,
        0.4052734,
        0.4821777
    ]
}