{
    "name": "natural/R116",
    "type": "REFLECTANCE_NATURAL",
    "type_max": 1,
    "start_nm": 400,
    "end_nm": 700,
    "resolution": 5,
    "data": [
        0.125,
        0.04614258,
        0.04199219,
        0.078125,
        0.04052734,
        0.05810547,
        0.04956055,
        0.05126953,
        0.0534668,
        0.05078125,
        0.05004883,
        0.0559082,
        0.05712891,
        0.05981445,
        0.0534668,
        0.05932617,
        0.06274414,
        0.0625,
        0.06518555,
        0.06787109,
        0.07055664,
        0.0703125,
        0.07543945,
        0.0793457,
        0.08251953,
        0.0871582,
        0.09057617,
        0.09619141,
        0.09716797,
        0.09765625,
        0.1020508,
        0.1052246,
        0.1066895,
        0.1105957,
        0.1123047,
        0.1181641,
        0.1208496,
        0.1230469,
        0.1240234,
        0.128418,
        0.1320801,
        0.137207,
        0.1401367,
        0.1381836,
        0.1398926,
        0.1413574,
        0.1450195,
        0.151123,
        0.138916,
        0.1369629,
        0.1376953,
        0.1416016,
        0.1345215,
        0.1333008,
        0.1296387,
        0.1323242,
        0.1464844,
        0.1586914,
        0.1794434,
        0.1999512,
        0.2175293
    ]
}