{
    "name": "natural/R117",
    "type": "REFLECTANCE_NATURAL",
    "type_max": 1,
    "start_nm": 400,
    "end_nm": 700,
    "resolution": 5,
    "data": [
        0.375,
        0.1538086,
        0.09472656,
        0.06079102,
        0.06347656,
        0.05810547,
        0.05712891,
        0.04272461,
        0.04516602,
        0.05175781,
        0.05419922,
        0.04907227,
        0.05126953,
        0.04956055,
        0.04907227,
        0.04785156,
        0.04956055,
        0.04858398,
        0.0480957,
        0.04663086,
        0.04516602,
        0.0456543,
        0.04736328,
        0.0456543,
        0.04516602,
        0.04736328,
        0.04785156,
        0.04614258,
        0.04663086,
        0.04736328,
        0.04467773,
        0.04467773,
        0.04833984,
        0.0456543,
        0.046875,
        0.04858398,
        0.0480957,
        0.05151367,
        0.05371094,
        0.05957031,
        0.0703125,
        0.07714844,
        0.08642578,
        0.09375,
        0.1025391,
        0.1130371,
        0.1281738,
        0.1340332,
        0.135498,
        0.1333008,
        0.1235352,
        0.1240234,
        0.1186523,
        0.1120605,
        0.1103516,
        0.1123047,
        0.1296387,
        0.1906738,
        0.2558594,
        0.3374023,
        0.411377
    ]
}