{
    "name": "natural/R118",
    "type": "REFLECTANCE_NATURAL",
    "type_max": 1,
    "start_nm": 400,
    "end_nm": 700,
    "resolution": 5,
    "data": [
        0.0625,
        0.0,
        0.04199219,
        0.08691406,
        0.05200195,
        0.06591797,
        0.04956055,
        0.04956055,
        0.04760742,
        0.05078125,
        0.04931641,
        0.04907227,
        0.05126953,
        0.05126953,
        0.04956055,
        0.04980469,
        0.05102539,
        0.04956055,
        0.05102539,
        0.04907227,
        0.05004883,
        0.04907227,
        0.04736328,
        0.05126953,
        0.05029297,
        0.0480957,
        0.04956055,
        0.04833984,
        0.05053711,
        0.04907227,
        0.04980469,
        0.04931641,
        0.04833984,
        0.04882813,
        0.04833984,
        0.0480957,
        0.04541016,
        0.04956055,
        0.04931641,
        0.04833984,
        0.04882813,
        0.05078125,
        0.05029297,
        0.05639648,
        0.05737305,
        0.05444336,
        0.05957031,
        0.06201172,
        0.06787109,
        0.07055664,
        0.07250977,
        0.07543945,
        0.08251953,
        0.08178711,
        0.08251953,
        0.08984375,
        0.1005859,
        0.1279297,
        0.1674805,
        0.2260742,
        0.2893066
    ]
}