{
    "name": "natural/R119",
    "type": "REFLECTANCE_NATURAL",
    "type_max": 1,
    "start_nm": 400,
    "end_nm": 700,
    "resolution": 5,
    "data": [
        0.1875,
        0.1384277,
        0.1367188,
        0.1738281,
        0.09814453,
        0.08520508,
        0.08178711,
        0.08374023,
        0.07714844,
        0.08325195,
        0.08911133,
        0.08666992,
        0.08081055,
        0.07958984,
        0.08032227,
        0.08862305,
        0.08227539,
        0.08178711,
        0.08837891,
        0.09179688,
        0.09619141,
        0.109375,
        0.1257324,
        0.1503906,
        0.1716309,
        0.2053223,
        0.2316895,
        0.2373047,
        0.2434082,
        0.2436523,
        0.2368164,
        0.2280273,
        0.2163086,
        0.2036133,
        0.1899414,
        0.1726074,
        0.1564941,
        0.1520996,
        0.1455078,
        0.1420898,
        0.1350098,
        0.1252441,
        0.1193848,
        0.1179199,
        0.107666,
        0.114502,
        0.1098633,
        0.1098633,
        0.1020508,
        0.09741211,
        0.09521484,
        0.08813477,
        0.08959961,
        0.08862305,
        0.09326172,
        0.1025391,
        0.105957,
        0.119873,
        0.154541,
        0.2106934,
        0.3100586
    ]
}