{
    "name": "natural/R12",
    "type": "REFLECTANCE_NATURAL",
    "type_max": 1,
    "start_nm": 400,
    "end_nm": 700,
    "resolution": 5,
    "data": [
        0.269043,
        0.08935547,
        0.0769043,
        0.05688477,
        0.05419922,
        0.04370117,
        0.02880859,
        0.03930664,
        0.02880859,
        0.03442383,
        0.03369141,
        0.03759766,
        0.04174805,
        0.04174805,
        0.04052734,
        0.04296875,
        0.04223633,
        0.04956055,
        0.05004883,
        0.05419922,
        0.05639648,
        0.05566406,
        0.05957031,
        0.06054688,
        0.06591797,
        0.06787109,
        0.07568359,
        0.07617188,
        0.08325195,
        0.08666992,
        0.09179688,
        0.0925293,
        0.0925293,
        0.09716797,
        0.1030273,
        0.1101074,
        0.1147461,
        0.1186523,
        0.1245117,
        0.1308594,
        0.1367188,
        0.1455078,
        0.1484375,
        0.1503906,
        0.1552734,
        0.1621094,
        0.1691895,
        0.1708984,
        0.1704102,
        0.1765137,
        0.1777344,
        0.1804199,
        0.1826172,
        0.1853027,
        0.1862793,
        0.2004395,
        0.1970215,
        0.2050781,
        0.2192383,
        0.2319336,
        0.2307129
    ]
}