{
    "name": "natural/R120",
    "type": "REFLECTANCE_NATURAL",
    "type_max": 1,
    "start_nm": 400,
    "end_nm": 700,
    "resolution": 5,
    "data": [
        0.3125,
        0.09228516,
        0.0,
        0.06958008,
        0.04052734,
        0.03881836,
        0.0546875,
        0.06152344,
        0.0546875,
        0.06030273,
        0.06054688,
        0.05737305,
        0.05786133,
        0.0559082,
        0.05712891,
        0.05712891,
        0.05859375,
        0.0559082,
        0.05444336,
        0.05493164,
        0.05615234,
        0.05712891,
        0.05639648,
        0.05786133,
        0.05761719,
        0.05932617,
        0.05810547,
        0.05615234,
        0.05712891,
        0.06005859,
        0.06201172,
        0.0625,
        0.06542969,
        0.06958008,
        0.07495117,
        0.09033203,
        0.1030273,
        0.1171875,
        0.1315918,
        0.159668,
        0.1992188,
        0.2348633,
        0.2709961,
        0.2883301,
        0.3088379,
        0.3410645,
        0.3813477,
        0.4160156,
        0.4414063,
        0.4648438,
        0.4716797,
        0.4892578,
        0.5163574,
        0.5275879,
        0.5446777,
        0.5634766,
        0.5585938,
        0.5708008,
        0.5737305,
        0.578125,
        0.6003418
    ]
}