{
    "name": "natural/R13",
    "type": "REFLECTANCE_NATURAL",
    "type_max": 1,
    "start_nm": 400,
    "end_nm": 700,
    "resolution": 5,
    "data": [
        0.2307129,
        0.07128906,
        0.0769043,
        0.1057129,
        0.07836914,
        0.07177734,
        0.07202148,
        0.07836914,
        0.06787109,
        0.0637207,
        0.06884766,
        0.06640625,
        0.06591797,
        0.06787109,
        0.06958008,
        0.06689453,
        0.06762695,
        0.06542969,
        0.06567383,
        0.0690918,
        0.06713867,
        0.07543945,
        0.0793457,
        0.0949707,
        0.1098633,
        0.1203613,
        0.1345215,
        0.1359863,
        0.1433105,
        0.1428223,
        0.1384277,
        0.1352539,
        0.1257324,
        0.1188965,
        0.1123047,
        0.1035156,
        0.09985352,
        0.09448242,
        0.08618164,
        0.08520508,
        0.08618164,
        0.08129883,
        0.07543945,
        0.07543945,
        0.07617188,
        0.0769043,
        0.07836914,
        0.07275391,
        0.07421875,
        0.07421875,
        0.06860352,
        0.06665039,
        0.0715332,
        0.07592773,
        0.07666016,
        0.08129883,
        0.08666992,
        0.09570313,
        0.1071777,
        0.1452637,
        0.197998
    ]
}