{
    "name": "natural/R14",
    "type": "REFLECTANCE_NATURAL",
    "type_max": 1,
    "start_nm": 400,
    "end_nm": 700,
    "resolution": 5,
    "data": [
        0.03833008,
        0.01782227,
        0.02197266,
        0.04052734,
        0.0480957,
        0.02783203,
        0.0144043,
        0.01367188,
        0.008789063,
        0.006835938,
        0.009521484,
        0.008300781,
        0.01025391,
        0.007568359,
        0.01049805,
        0.009521484,
        0.009765625,
        0.01098633,
        0.01074219,
        0.01000977,
        0.01025391,
        0.01074219,
        0.01196289,
        0.01196289,
        0.01367188,
        0.01464844,
        0.01586914,
        0.01611328,
        0.01757813,
        0.0168457,
        0.01757813,
        0.01586914,
        0.01757813,
        0.01831055,
        0.01904297,
        0.02368164,
        0.02905273,
        0.03369141,
        0.04150391,
        0.04492188,
        0.05615234,
        0.06420898,
        0.0690918,
        0.06933594,
        0.07348633,
        0.07495117,
        0.0769043,
        0.0793457,
        0.07861328,
        0.08032227,
        0.07666016,
        0.078125,
        0.07470703,
        0.07128906,
        0.07739258,
        0.07226563,
        0.07348633,
        0.07763672,
        0.078125,
        0.08081055,
        0.0793457
    ]
}