{
    "name": "natural/R15",
    "type": "REFLECTANCE_NATURAL",
    "type_max": 1,
    "start_nm": 400,
    "end_nm": 700,
    "resolution": 5,
    "data": [
        0.2307129,
        0.1428223,
        0.1098633,
        0.1381836,
        0.1264648,
        0.09960938,
        0.1105957,
        0.08862305,
        0.09667969,
        0.09619141,
        0.09033203,
        0.08666992,
        0.09008789,
        0.08813477,
        0.08789063,
        0.09033203,
        0.08911133,
        0.09033203,
        0.08349609,
        0.08691406,
        0.08422852,
        0.08569336,
        0.08129883,
        0.08349609,
        0.08325195,
        0.08203125,
        0.08007813,
        0.0793457,
        0.08276367,
        0.08740234,
        0.08447266,
        0.08447266,
        0.08813477,
        0.08984375,
        0.09521484,
        0.1054688,
        0.1157227,
        0.1247559,
        0.1386719,
        0.1552734,
        0.1799316,
        0.1977539,
        0.2133789,
        0.220459,
        0.2324219,
        0.2475586,
        0.2661133,
        0.2653809,
        0.2614746,
        0.2563477,
        0.2399902,
        0.2338867,
        0.2263184,
        0.2109375,
        0.2062988,
        0.215332,
        0.2299805,
        0.2773438,
        0.3547363,
        0.4570313,
        0.5373535
    ]
}