{
    "name": "natural/R16",
    "type": "REFLECTANCE_NATURAL",
    "type_max": 1,
    "start_nm": 400,
    "end_nm": 700,
    "resolution": 5,
    "data": [
        0.0769043,
        0.125,
        0.1647949,
        0.203125,
        0.1867676,
        0.2111816,
        0.1970215,
        0.2116699,
        0.2224121,
        0.2207031,
        0.2080078,
        0.2016602,
        0.1904297,
        0.1838379,
        0.173584,
        0.161377,
        0.1452637,
        0.1289063,
        0.1252441,
        0.1162109,
        0.1052246,
        0.09545898,
        0.08813477,
        0.08081055,
        0.07446289,
        0.06738281,
        0.05859375,
        0.0559082,
        0.05786133,
        0.05444336,
        0.05175781,
        0.05078125,
        0.05249023,
        0.05004883,
        0.04956055,
        0.04760742,
        0.05102539,
        0.05175781,
        0.05419922,
        0.06494141,
        0.07226563,
        0.07861328,
        0.08691406,
        0.0859375,
        0.09472656,
        0.09545898,
        0.1003418,
        0.1037598,
        0.1154785,
        0.1298828,
        0.1342773,
        0.1538086,
        0.1633301,
        0.1826172,
        0.2009277,
        0.2145996,
        0.2207031,
        0.223877,
        0.2270508,
        0.2319336,
        0.2299805
    ]
}