{
    "name": "natural/R17",
    "type": "REFLECTANCE_NATURAL",
    "type_max": 1,
    "start_nm": 400,
    "end_nm": 700,
    "resolution": 5,
    "data": [
        0.3076172,
        0.1428223,
        0.1208496,
        0.130127,
        0.1264648,
        0.04370117,
        0.03369141,
        0.0324707,
        0.03637695,
        0.02954102,
        0.03369141,
        0.03149414,
        0.03442383,
        0.02905273,
        0.03344727,
        0.0324707,
        0.03466797,
        0.04614258,
        0.06860352,
        0.09204102,
        0.1184082,
        0.1723633,
        0.2436523,
        0.3015137,
        0.3483887,
        0.3977051,
        0.4411621,
        0.4616699,
        0.4755859,
        0.4963379,
        0.5065918,
        0.5119629,
        0.513916,
        0.5195313,
        0.5270996,
        0.5317383,
        0.5400391,
        0.5415039,
        0.5373535,
        0.5334473,
        0.5368652,
        0.536377,
        0.5263672,
        0.5227051,
        0.5393066,
        0.5368652,
        0.5385742,
        0.5224609,
        0.5148926,
        0.513916,
        0.5070801,
        0.4990234,
        0.498291,
        0.4851074,
        0.4875488,
        0.4956055,
        0.4833984,
        0.4794922,
        0.4753418,
        0.4807129,
        0.486084
    ]
}