{
    "name": "natural/R18",
    "type": "REFLECTANCE_NATURAL",
    "type_max": 1,
    "start_nm": 400,
    "end_nm": 700,
    "resolution": 5,
    "data": [
        0.5383301,
        0.4284668,
        0.4174805,
        0.333252,
        0.282959,
        0.2946777,
        0.25,
        0.2729492,
        0.2751465,
        0.2785645,
        0.2768555,
        0.2746582,
        0.2805176,
        0.2783203,
        0.2734375,
        0.2753906,
        0.2780762,
        0.2822266,
        0.2958984,
        0.310791,
        0.3081055,
        0.3317871,
        0.3566895,
        0.3708496,
        0.3828125,
        0.3903809,
        0.4052734,
        0.4072266,
        0.4101563,
        0.4194336,
        0.4143066,
        0.4125977,
        0.4082031,
        0.4089355,
        0.4060059,
        0.4013672,
        0.4008789,
        0.4033203,
        0.3969727,
        0.3962402,
        0.4035645,
        0.395752,
        0.394043,
        0.3881836,
        0.3967285,
        0.3928223,
        0.3942871,
        0.3847656,
        0.3684082,
        0.3620605,
        0.3461914,
        0.3395996,
        0.3232422,
        0.315918,
        0.3093262,
        0.2978516,
        0.3210449,
        0.3459473,
        0.402832,
        0.4543457,
        0.4897461
    ]
}