{
    "name": "natural/R19",
    "type": "REFLECTANCE_NATURAL",
    "type_max": 1,
    "start_nm": 400,
    "end_nm": 700,
    "resolution": 5,
    "data": [
        0.0,
        0.07128906,
        0.1098633,
        0.04882813,
        0.06030273,
        0.07568359,
        0.08178711,
        0.06152344,
        0.06274414,
        0.06469727,
        0.06640625,
        0.06225586,
        0.06274414,
        0.06542969,
        0.06567383,
        0.06591797,
        0.0637207,
        0.06445313,
        0.07006836,
        0.07104492,
        0.07519531,
        0.08203125,
        0.1000977,
        0.1147461,
        0.1376953,
        0.1604004,
        0.1801758,
        0.1835938,
        0.1899414,
        0.1923828,
        0.1884766,
        0.1813965,
        0.1640625,
        0.1560059,
        0.1462402,
        0.1345215,
        0.1242676,
        0.1171875,
        0.1162109,
        0.1135254,
        0.1088867,
        0.09936523,
        0.09350586,
        0.09472656,
        0.09326172,
        0.08984375,
        0.09057617,
        0.08691406,
        0.0847168,
        0.08032227,
        0.08007813,
        0.07519531,
        0.07714844,
        0.07714844,
        0.08276367,
        0.08837891,
        0.09228516,
        0.1040039,
        0.1262207,
        0.1699219,
        0.2370605
    ]
}