{
    "name": "natural/R2",
    "type": "REFLECTANCE_NATURAL",
    "type_max": 1,
    "start_nm": 400,
    "end_nm": 700,
    "resolution": 5,
    "data": [
        0.0,
        0.1606445,
        0.01098633,
        0.0,
        0.0,
        0.03198242,
        0.02392578,
        0.02050781,
        0.0300293,
        0.02539063,
        0.03198242,
        0.02734375,
        0.02954102,
        0.02954102,
        0.03393555,
        0.03125,
        0.03613281,
        0.04858398,
        0.07226563,
        0.0949707,
        0.1162109,
        0.1682129,
        0.2307129,
        0.2763672,
        0.3237305,
        0.3637695,
        0.4086914,
        0.4250488,
        0.4333496,
        0.4560547,
        0.4672852,
        0.4707031,
        0.4787598,
        0.4814453,
        0.4863281,
        0.4992676,
        0.5039063,
        0.5012207,
        0.5,
        0.5058594,
        0.5092773,
        0.5080566,
        0.505127,
        0.5019531,
        0.5061035,
        0.5117188,
        0.5161133,
        0.5046387,
        0.5100098,
        0.5126953,
        0.5031738,
        0.4929199,
        0.4841309,
        0.4812012,
        0.4787598,
        0.4921875,
        0.4775391,
        0.4750977,
        0.4692383,
        0.4841309,
        0.486084
    ]
}