{
    "name": "natural/R20",
    "type": "REFLECTANCE_NATURAL",
    "type_max": 1,
    "start_nm": 400,
    "end_nm": 700,
    "resolution": 5,
    "data": [
        0.1538086,
        0.1428223,
        0.01098633,
        0.07324219,
        0.03613281,
        0.03198242,
        0.0168457,
        0.02905273,
        0.03149414,
        0.02856445,
        0.03271484,
        0.02661133,
        0.02709961,
        0.03417969,
        0.03125,
        0.03076172,
        0.04418945,
        0.05541992,
        0.07861328,
        0.09790039,
        0.1259766,
        0.1672363,
        0.2338867,
        0.2817383,
        0.3408203,
        0.3952637,
        0.434082,
        0.4633789,
        0.4858398,
        0.505127,
        0.5124512,
        0.5239258,
        0.5322266,
        0.5419922,
        0.5427246,
        0.5559082,
        0.5690918,
        0.5578613,
        0.5629883,
        0.5673828,
        0.5766602,
        0.5627441,
        0.5568848,
        0.5598145,
        0.5690918,
        0.5639648,
        0.5717773,
        0.5605469,
        0.5637207,
        0.5549316,
        0.5373535,
        0.5410156,
        0.5161133,
        0.5004883,
        0.4875488,
        0.4865723,
        0.4833984,
        0.5029297,
        0.5187988,
        0.5488281,
        0.5583496
    ]
}