{
    "name": "natural/R21",
    "type": "REFLECTANCE_NATURAL",
    "type_max": 1,
    "start_nm": 400,
    "end_nm": 700,
    "resolution": 5,
    "data": [
        0.4228516,
        0.2321777,
        0.4394531,
        0.333252,
        0.4396973,
        0.4143066,
        0.4301758,
        0.5134277,
        0.5476074,
        0.5415039,
        0.5371094,
        0.5385742,
        0.5505371,
        0.550293,
        0.5539551,
        0.552002,
        0.5546875,
        0.5495605,
        0.550293,
        0.5517578,
        0.5507813,
        0.5532227,
        0.548584,
        0.5539551,
        0.5639648,
        0.5549316,
        0.5725098,
        0.5644531,
        0.5617676,
        0.5671387,
        0.5620117,
        0.5649414,
        0.5766602,
        0.5749512,
        0.5732422,
        0.5766602,
        0.5849609,
        0.5795898,
        0.5766602,
        0.5812988,
        0.5849609,
        0.5957031,
        0.5817871,
        0.572998,
        0.5913086,
        0.5905762,
        0.6035156,
        0.5915527,
        0.5874023,
        0.592041,
        0.5803223,
        0.5812988,
        0.5810547,
        0.5854492,
        0.5834961,
        0.5869141,
        0.5786133,
        0.579834,
        0.5771484,
        0.588623,
        0.5900879
    ]
}