{
    "name": "natural/R22",
    "type": "REFLECTANCE_NATURAL",
    "type_max": 1,
    "start_nm": 400,
    "end_nm": 700,
    "resolution": 5,
    "data": [
        0.0,
        0.0,
        0.0,
        0.0,
        0.0,
        0.0,
        0.002441406,
        0.006835938,
        0.004638672,
        0.009521484,
        0.006347656,
        0.007568359,
        0.01025391,
        0.01025391,
        0.009765625,
        0.008300781,
        0.01049805,
        0.0078125,
        0.009765625,
        0.008056641,
        0.01000977,
        0.008544922,
        0.01025391,
        0.01123047,
        0.01245117,
        0.01708984,
        0.02197266,
        0.02197266,
        0.02905273,
        0.03076172,
        0.03588867,
        0.04345703,
        0.05200195,
        0.06445313,
        0.07861328,
        0.1027832,
        0.1403809,
        0.1650391,
        0.1960449,
        0.2253418,
        0.2644043,
        0.286377,
        0.3027344,
        0.3068848,
        0.3115234,
        0.3286133,
        0.3300781,
        0.3430176,
        0.3378906,
        0.3400879,
        0.3222656,
        0.3222656,
        0.3244629,
        0.3085938,
        0.3117676,
        0.3144531,
        0.310791,
        0.3098145,
        0.322998,
        0.322998,
        0.331543
    ]
}