{
    "name": "natural/R23",
    "type": "REFLECTANCE_NATURAL",
    "type_max": 1,
    "start_nm": 400,
    "end_nm": 700,
    "resolution": 5,
    "data": [
        0.4228516,
        0.1606445,
        0.2307129,
        0.2194824,
        0.1806641,
        0.2070313,
        0.1899414,
        0.1740723,
        0.2033691,
        0.2089844,
        0.2121582,
        0.2084961,
        0.2126465,
        0.2145996,
        0.2231445,
        0.2192383,
        0.2302246,
        0.2453613,
        0.2685547,
        0.2893066,
        0.310791,
        0.355957,
        0.4050293,
        0.4584961,
        0.5053711,
        0.5463867,
        0.5839844,
        0.5998535,
        0.6237793,
        0.6359863,
        0.6320801,
        0.6196289,
        0.6079102,
        0.6091309,
        0.6013184,
        0.5812988,
        0.5666504,
        0.5493164,
        0.5488281,
        0.5402832,
        0.5268555,
        0.5180664,
        0.4892578,
        0.4880371,
        0.494873,
        0.4926758,
        0.4890137,
        0.4584961,
        0.4438477,
        0.4418945,
        0.4152832,
        0.3830566,
        0.3552246,
        0.3254395,
        0.3120117,
        0.2958984,
        0.3115234,
        0.3725586,
        0.4558105,
        0.5537109,
        0.6210938
    ]
}