{
    "name": "natural/R24",
    "type": "REFLECTANCE_NATURAL",
    "type_max": 1,
    "start_nm": 400,
    "end_nm": 700,
    "resolution": 5,
    "data": [
        0.4614258,
        0.2678223,
        0.2087402,
        0.2194824,
        0.2409668,
        0.2150879,
        0.1970215,
        0.1962891,
        0.1921387,
        0.1687012,
        0.1569824,
        0.1340332,
        0.1135254,
        0.09863281,
        0.09399414,
        0.07373047,
        0.05957031,
        0.04760742,
        0.0402832,
        0.03881836,
        0.0300293,
        0.03149414,
        0.02636719,
        0.02709961,
        0.02783203,
        0.03076172,
        0.03076172,
        0.03271484,
        0.03955078,
        0.04150391,
        0.05200195,
        0.06054688,
        0.06811523,
        0.08569336,
        0.1005859,
        0.1381836,
        0.1835938,
        0.2219238,
        0.2609863,
        0.3100586,
        0.3725586,
        0.416748,
        0.4536133,
        0.4880371,
        0.515625,
        0.5598145,
        0.5913086,
        0.6032715,
        0.6374512,
        0.6635742,
        0.6616211,
        0.6782227,
        0.6853027,
        0.6896973,
        0.6972656,
        0.7102051,
        0.708252,
        0.7260742,
        0.7426758,
        0.7431641,
        0.7507324
    ]
}