{
    "name": "natural/R25",
    "type": "REFLECTANCE_NATURAL",
    "type_max": 1,
    "start_nm": 400,
    "end_nm": 700,
    "resolution": 5,
    "data": [
        0.0,
        0.0,
        0.01098633,
        0.08129883,
        0.07226563,
        0.04785156,
        0.04077148,
        0.05810547,
        0.07910156,
        0.07055664,
        0.07275391,
        0.07446289,
        0.08105469,
        0.0859375,
        0.08789063,
        0.08764648,
        0.09228516,
        0.09472656,
        0.1137695,
        0.1276855,
        0.1369629,
        0.170166,
        0.2084961,
        0.2358398,
        0.2592773,
        0.2851563,
        0.3105469,
        0.3198242,
        0.3215332,
        0.3310547,
        0.3283691,
        0.3300781,
        0.3300781,
        0.3295898,
        0.3244629,
        0.3330078,
        0.3303223,
        0.3190918,
        0.314209,
        0.3208008,
        0.3149414,
        0.3137207,
        0.2961426,
        0.291748,
        0.300293,
        0.3034668,
        0.2993164,
        0.2941895,
        0.2810059,
        0.2770996,
        0.269043,
        0.2543945,
        0.2348633,
        0.213623,
        0.1989746,
        0.1992188,
        0.2163086,
        0.2353516,
        0.2790527,
        0.3227539,
        0.3393555
    ]
}