{
    "name": "natural/R26",
    "type": "REFLECTANCE_NATURAL",
    "type_max": 1,
    "start_nm": 400,
    "end_nm": 700,
    "resolution": 5,
    "data": [
        0.9997559,
        0.8747559,
        0.8679199,
        0.894043,
        0.8852539,
        0.9040527,
        0.8051758,
        0.8154297,
        0.8579102,
        0.8505859,
        0.84375,
        0.8417969,
        0.8547363,
        0.8518066,
        0.8662109,
        0.8569336,
        0.8544922,
        0.8674316,
        0.8710938,
        0.8874512,
        0.8752441,
        0.8962402,
        0.8886719,
        0.8979492,
        0.9074707,
        0.8886719,
        0.9006348,
        0.8974609,
        0.9165039,
        0.9165039,
        0.9099121,
        0.9030762,
        0.9060059,
        0.9099121,
        0.9077148,
        0.9172363,
        0.921875,
        0.9038086,
        0.9084473,
        0.9060059,
        0.9147949,
        0.9160156,
        0.901123,
        0.8898926,
        0.9230957,
        0.9204102,
        0.9155273,
        0.9016113,
        0.9025879,
        0.9226074,
        0.9016113,
        0.8945313,
        0.8962402,
        0.8942871,
        0.888916,
        0.9106445,
        0.8994141,
        0.8986816,
        0.8947754,
        0.9123535,
        0.911377
    ]
}