{
    "name": "natural/R27",
    "type": "REFLECTANCE_NATURAL",
    "type_max": 1,
    "start_nm": 400,
    "end_nm": 700,
    "resolution": 5,
    "data": [
        0.4228516,
        0.1784668,
        0.08789063,
        0.06494141,
        0.1022949,
        0.03979492,
        0.0456543,
        0.0222168,
        0.04516602,
        0.02758789,
        0.02954102,
        0.02880859,
        0.03271484,
        0.03588867,
        0.03564453,
        0.04199219,
        0.03759766,
        0.04223633,
        0.04760742,
        0.05419922,
        0.06347656,
        0.0847168,
        0.1235352,
        0.1616211,
        0.2072754,
        0.2519531,
        0.3059082,
        0.3242188,
        0.3481445,
        0.3681641,
        0.3762207,
        0.388916,
        0.3842773,
        0.3916016,
        0.4016113,
        0.392334,
        0.3977051,
        0.3955078,
        0.401123,
        0.3962402,
        0.4035645,
        0.3933105,
        0.3752441,
        0.3781738,
        0.3828125,
        0.3850098,
        0.3908691,
        0.3735352,
        0.3710938,
        0.371582,
        0.3549805,
        0.3427734,
        0.3188477,
        0.3010254,
        0.2836914,
        0.2895508,
        0.2949219,
        0.3286133,
        0.3642578,
        0.4111328,
        0.4414063
    ]
}