{
    "name": "natural/R28",
    "type": "REFLECTANCE_NATURAL",
    "type_max": 1,
    "start_nm": 400,
    "end_nm": 700,
    "resolution": 5,
    "data": [
        0.269043,
        0.03564453,
        0.1538086,
        0.06494141,
        0.06030273,
        0.0637207,
        0.06958008,
        0.05810547,
        0.06665039,
        0.06860352,
        0.06640625,
        0.06347656,
        0.06396484,
        0.06201172,
        0.06689453,
        0.06420898,
        0.06665039,
        0.06787109,
        0.07226563,
        0.07543945,
        0.07861328,
        0.09472656,
        0.1203613,
        0.1481934,
        0.1738281,
        0.2050781,
        0.232666,
        0.2407227,
        0.2456055,
        0.2524414,
        0.2438965,
        0.239502,
        0.2241211,
        0.2087402,
        0.1938477,
        0.173584,
        0.1584473,
        0.1530762,
        0.1474609,
        0.1374512,
        0.1296387,
        0.1257324,
        0.1140137,
        0.1098633,
        0.109375,
        0.1137695,
        0.1086426,
        0.1027832,
        0.09814453,
        0.09399414,
        0.09008789,
        0.08422852,
        0.08447266,
        0.07788086,
        0.08056641,
        0.08764648,
        0.09228516,
        0.1071777,
        0.1411133,
        0.2038574,
        0.2873535
    ]
}