{
    "name": "natural/R29",
    "type": "REFLECTANCE_NATURAL",
    "type_max": 1,
    "start_nm": 400,
    "end_nm": 700,
    "resolution": 5,
    "data": [
        0.3076172,
        0.07128906,
        0.0769043,
        0.1057129,
        0.05419922,
        0.08764648,
        0.06958008,
        0.06665039,
        0.06274414,
        0.06762695,
        0.06323242,
        0.06298828,
        0.07006836,
        0.06542969,
        0.07128906,
        0.06518555,
        0.06665039,
        0.06445313,
        0.06616211,
        0.06665039,
        0.06347656,
        0.06835938,
        0.07006836,
        0.06884766,
        0.06958008,
        0.06787109,
        0.06933594,
        0.06982422,
        0.0690918,
        0.07104492,
        0.07055664,
        0.07275391,
        0.0769043,
        0.08007813,
        0.07958984,
        0.09228516,
        0.09790039,
        0.1079102,
        0.1271973,
        0.144043,
        0.1779785,
        0.204834,
        0.2416992,
        0.2636719,
        0.2858887,
        0.3266602,
        0.3615723,
        0.3908691,
        0.4372559,
        0.4824219,
        0.4919434,
        0.5187988,
        0.5402832,
        0.5668945,
        0.5808105,
        0.6037598,
        0.6044922,
        0.6213379,
        0.6340332,
        0.6420898,
        0.6376953
    ]
}