{
    "name": "natural/R3",
    "type": "REFLECTANCE_NATURAL",
    "type_max": 1,
    "start_nm": 400,
    "end_nm": 700,
    "resolution": 5,
    "data": [
        0.1152344,
        0.1071777,
        0.0769043,
        0.08129883,
        0.05419922,
        0.04370117,
        0.04077148,
        0.03417969,
        0.03637695,
        0.03735352,
        0.03613281,
        0.03271484,
        0.03637695,
        0.03833008,
        0.04174805,
        0.0402832,
        0.03808594,
        0.04418945,
        0.04614258,
        0.04833984,
        0.05444336,
        0.06420898,
        0.07617188,
        0.08813477,
        0.09887695,
        0.1096191,
        0.1208496,
        0.1230469,
        0.1281738,
        0.1306152,
        0.1274414,
        0.126709,
        0.1237793,
        0.1193848,
        0.1130371,
        0.1130371,
        0.1083984,
        0.1044922,
        0.104248,
        0.1018066,
        0.09765625,
        0.0949707,
        0.08520508,
        0.0859375,
        0.0847168,
        0.08618164,
        0.08569336,
        0.08032227,
        0.07226563,
        0.06982422,
        0.06323242,
        0.0612793,
        0.05493164,
        0.04956055,
        0.05175781,
        0.04980469,
        0.05761719,
        0.07226563,
        0.08740234,
        0.1137695,
        0.1340332
    ]
}