{
    "name": "natural/R30",
    "type": "REFLECTANCE_NATURAL",
    "type_max": 1,
    "start_nm": 400,
    "end_nm": 700,
    "resolution": 5,
    "data": [
        0.6152344,
        0.3569336,
        0.4614258,
        0.4633789,
        0.4274902,
        0.4182129,
        0.3796387,
        0.3701172,
        0.3591309,
        0.3425293,
        0.3129883,
        0.295166,
        0.2792969,
        0.2770996,
        0.2609863,
        0.2382813,
        0.2185059,
        0.2009277,
        0.190918,
        0.1860352,
        0.1740723,
        0.1672363,
        0.161377,
        0.1550293,
        0.1472168,
        0.1364746,
        0.1345215,
        0.1342773,
        0.1320801,
        0.1384277,
        0.137207,
        0.1401367,
        0.1416016,
        0.1437988,
        0.1430664,
        0.1513672,
        0.1635742,
        0.168457,
        0.175293,
        0.1955566,
        0.1918945,
        0.1877441,
        0.1887207,
        0.1804199,
        0.1953125,
        0.1967773,
        0.2043457,
        0.2062988,
        0.2370605,
        0.2546387,
        0.269043,
        0.3029785,
        0.3317871,
        0.3666992,
        0.3933105,
        0.4213867,
        0.4377441,
        0.4538574,
        0.4660645,
        0.4807129,
        0.4916992
    ]
}