{
    "name": "natural/R31",
    "type": "REFLECTANCE_NATURAL",
    "type_max": 1,
    "start_nm": 400,
    "end_nm": 700,
    "resolution": 5,
    "data": [
        0.6152344,
        0.5356445,
        0.5603027,
        0.5688477,
        0.5058594,
        0.5456543,
        0.519043,
        0.5407715,
        0.5412598,
        0.5512695,
        0.5322266,
        0.5412598,
        0.5439453,
        0.5515137,
        0.5461426,
        0.5454102,
        0.5585938,
        0.5673828,
        0.5844727,
        0.5900879,
        0.5817871,
        0.6035156,
        0.6169434,
        0.628418,
        0.6477051,
        0.6445313,
        0.6513672,
        0.6533203,
        0.6616211,
        0.6682129,
        0.6611328,
        0.6599121,
        0.6618652,
        0.6582031,
        0.6589355,
        0.666748,
        0.6689453,
        0.6599121,
        0.6547852,
        0.6650391,
        0.6608887,
        0.6533203,
        0.6516113,
        0.6391602,
        0.666748,
        0.6623535,
        0.6687012,
        0.6474609,
        0.6433105,
        0.6499023,
        0.6408691,
        0.6335449,
        0.6296387,
        0.6208496,
        0.6164551,
        0.6330566,
        0.6210938,
        0.6318359,
        0.6386719,
        0.6530762,
        0.6813965
    ]
}