{
    "name": "natural/R32",
    "type": "REFLECTANCE_NATURAL",
    "type_max": 1,
    "start_nm": 400,
    "end_nm": 700,
    "resolution": 5,
    "data": [
        0.0,
        0.1606445,
        0.1647949,
        0.1787109,
        0.1506348,
        0.1594238,
        0.1345215,
        0.1518555,
        0.1430664,
        0.1403809,
        0.1289063,
        0.125,
        0.109375,
        0.1083984,
        0.09863281,
        0.09082031,
        0.07324219,
        0.06738281,
        0.06176758,
        0.05712891,
        0.05273438,
        0.04833984,
        0.04516602,
        0.04223633,
        0.0378418,
        0.03564453,
        0.03637695,
        0.03540039,
        0.03369141,
        0.03466797,
        0.03369141,
        0.03540039,
        0.03637695,
        0.03491211,
        0.03662109,
        0.03833008,
        0.04077148,
        0.04394531,
        0.04711914,
        0.05737305,
        0.0637207,
        0.0625,
        0.06933594,
        0.06738281,
        0.07177734,
        0.07836914,
        0.08227539,
        0.09155273,
        0.1074219,
        0.1230469,
        0.1359863,
        0.154541,
        0.1762695,
        0.2077637,
        0.2226563,
        0.2397461,
        0.2575684,
        0.2722168,
        0.2790527,
        0.2973633,
        0.3093262
    ]
}