{
    "name": "natural/R33",
    "type": "REFLECTANCE_NATURAL",
    "type_max": 1,
    "start_nm": 400,
    "end_nm": 700,
    "resolution": 5,
    "data": [
        0.3459473,
        0.07128906,
        0.1208496,
        0.08129883,
        0.08422852,
        0.07177734,
        0.06958008,
        0.07006836,
        0.06030273,
        0.06469727,
        0.07055664,
        0.07104492,
        0.06835938,
        0.06665039,
        0.07080078,
        0.07226563,
        0.07373047,
        0.07299805,
        0.08300781,
        0.08911133,
        0.09594727,
        0.111084,
        0.1416016,
        0.1740723,
        0.2099609,
        0.2504883,
        0.2834473,
        0.3015137,
        0.3117676,
        0.3293457,
        0.3242188,
        0.3178711,
        0.3029785,
        0.2980957,
        0.2780762,
        0.2629395,
        0.2470703,
        0.239502,
        0.2346191,
        0.2272949,
        0.215332,
        0.2009277,
        0.1911621,
        0.1831055,
        0.1853027,
        0.1831055,
        0.1765137,
        0.1621094,
        0.1452637,
        0.1350098,
        0.1259766,
        0.1191406,
        0.1115723,
        0.09326172,
        0.09155273,
        0.1010742,
        0.111084,
        0.1394043,
        0.1938477,
        0.2912598,
        0.3986816
    ]
}