{
    "name": "natural/R34",
    "type": "REFLECTANCE_NATURAL",
    "type_max": 1,
    "start_nm": 400,
    "end_nm": 700,
    "resolution": 5,
    "data": [
        0.269043,
        0.1962891,
        0.1867676,
        0.154541,
        0.1806641,
        0.203125,
        0.1611328,
        0.1586914,
        0.1645508,
        0.157959,
        0.1513672,
        0.1469727,
        0.1486816,
        0.1501465,
        0.1530762,
        0.1474609,
        0.1467285,
        0.1506348,
        0.1462402,
        0.1530762,
        0.1499023,
        0.1574707,
        0.1694336,
        0.1809082,
        0.1906738,
        0.2175293,
        0.2282715,
        0.2304688,
        0.2312012,
        0.2333984,
        0.2331543,
        0.2272949,
        0.2202148,
        0.2092285,
        0.2004395,
        0.1906738,
        0.182373,
        0.1772461,
        0.1743164,
        0.1704102,
        0.1674805,
        0.1652832,
        0.1604004,
        0.1560059,
        0.1638184,
        0.1640625,
        0.1643066,
        0.1535645,
        0.1481934,
        0.1535645,
        0.1464844,
        0.1491699,
        0.1530762,
        0.1479492,
        0.1525879,
        0.1569824,
        0.1638184,
        0.1765137,
        0.1835938,
        0.2216797,
        0.2836914
    ]
}