{
    "name": "natural/R35",
    "type": "REFLECTANCE_NATURAL",
    "type_max": 1,
    "start_nm": 400,
    "end_nm": 700,
    "resolution": 5,
    "data": [
        0.1428223,
        0.2097168,
        0.1850586,
        0.2670898,
        0.1904297,
        0.2470703,
        0.2409668,
        0.260498,
        0.2585449,
        0.2524414,
        0.2680664,
        0.2709961,
        0.2678223,
        0.2539063,
        0.2583008,
        0.2558594,
        0.2509766,
        0.2475586,
        0.2607422,
        0.25,
        0.2497559,
        0.2502441,
        0.2519531,
        0.2512207,
        0.2468262,
        0.2458496,
        0.2407227,
        0.2375488,
        0.230957,
        0.2211914,
        0.2316895,
        0.2253418,
        0.2302246,
        0.2316895,
        0.2333984,
        0.2436523,
        0.2565918,
        0.2702637,
        0.284668,
        0.3032227,
        0.3134766,
        0.3308105,
        0.340332,
        0.3510742,
        0.354248,
        0.376709,
        0.3879395,
        0.3876953,
        0.3935547,
        0.3945313,
        0.3813477,
        0.3745117,
        0.3813477,
        0.3762207,
        0.3647461,
        0.3642578,
        0.3706055,
        0.402832,
        0.427002,
        0.4655762,
        0.486084
    ]
}