{
    "name": "natural/R36",
    "type": "REFLECTANCE_NATURAL",
    "type_max": 1,
    "start_nm": 400,
    "end_nm": 700,
    "resolution": 5,
    "data": [
        0.4228516,
        0.1428223,
        0.1428223,
        0.1462402,
        0.1264648,
        0.09155273,
        0.08178711,
        0.09033203,
        0.09301758,
        0.08837891,
        0.08398438,
        0.07861328,
        0.07446289,
        0.07666016,
        0.07128906,
        0.06469727,
        0.05810547,
        0.05249023,
        0.04614258,
        0.04321289,
        0.04150391,
        0.03662109,
        0.03564453,
        0.03222656,
        0.03076172,
        0.02758789,
        0.02661133,
        0.02636719,
        0.02368164,
        0.02392578,
        0.0234375,
        0.02514648,
        0.02368164,
        0.02612305,
        0.02612305,
        0.03149414,
        0.03637695,
        0.0402832,
        0.04956055,
        0.06396484,
        0.08935547,
        0.1147461,
        0.138916,
        0.1564941,
        0.1728516,
        0.1962891,
        0.2207031,
        0.2460938,
        0.2641602,
        0.2856445,
        0.2915039,
        0.2927246,
        0.3078613,
        0.2958984,
        0.3005371,
        0.298584,
        0.3137207,
        0.3325195,
        0.3745117,
        0.4128418,
        0.4296875
    ]
}