{
    "name": "natural/R37",
    "type": "REFLECTANCE_NATURAL",
    "type_max": 1,
    "start_nm": 400,
    "end_nm": 700,
    "resolution": 5,
    "data": [
        0.3459473,
        0.08935547,
        0.1647949,
        0.1218262,
        0.07226563,
        0.07958984,
        0.06494141,
        0.06835938,
        0.06274414,
        0.06567383,
        0.06323242,
        0.06347656,
        0.06274414,
        0.06323242,
        0.06518555,
        0.0625,
        0.05957031,
        0.06396484,
        0.05981445,
        0.0637207,
        0.06445313,
        0.07250977,
        0.08032227,
        0.09375,
        0.1115723,
        0.1269531,
        0.1462402,
        0.1481934,
        0.1506348,
        0.1569824,
        0.1501465,
        0.144043,
        0.1333008,
        0.1276855,
        0.1186523,
        0.1081543,
        0.1018066,
        0.09570313,
        0.09033203,
        0.09057617,
        0.08691406,
        0.08007813,
        0.07714844,
        0.07836914,
        0.07861328,
        0.07739258,
        0.07885742,
        0.07324219,
        0.07104492,
        0.07128906,
        0.0690918,
        0.06738281,
        0.06787109,
        0.06884766,
        0.07055664,
        0.07421875,
        0.07568359,
        0.08300781,
        0.09692383,
        0.1435547,
        0.199707
    ]
}