{
    "name": "natural/R38",
    "type": "REFLECTANCE_NATURAL",
    "type_max": 1,
    "start_nm": 400,
    "end_nm": 700,
    "resolution": 5,
    "data": [
        0.5766602,
        0.25,
        0.2307129,
        0.1625977,
        0.1506348,
        0.1474609,
        0.1442871,
        0.1416016,
        0.1582031,
        0.1540527,
        0.1601563,
        0.1481934,
        0.1503906,
        0.1594238,
        0.1569824,
        0.152832,
        0.1569824,
        0.1601563,
        0.1733398,
        0.1838379,
        0.1955566,
        0.2268066,
        0.2697754,
        0.3117676,
        0.3508301,
        0.3908691,
        0.425293,
        0.4331055,
        0.4389648,
        0.4511719,
        0.4472656,
        0.4443359,
        0.4362793,
        0.4223633,
        0.4060059,
        0.388916,
        0.3762207,
        0.3566895,
        0.3530273,
        0.3464355,
        0.3259277,
        0.3168945,
        0.3044434,
        0.2910156,
        0.2922363,
        0.2927246,
        0.2822266,
        0.2617188,
        0.2458496,
        0.2299805,
        0.2194824,
        0.203125,
        0.2011719,
        0.1936035,
        0.1843262,
        0.1955566,
        0.2099609,
        0.251709,
        0.3186035,
        0.4416504,
        0.5517578
    ]
}