{
    "name": "natural/R39",
    "type": "REFLECTANCE_NATURAL",
    "type_max": 1,
    "start_nm": 400,
    "end_nm": 700,
    "resolution": 5,
    "data": [
        0.6535645,
        0.4106445,
        0.2856445,
        0.2519531,
        0.2648926,
        0.1992188,
        0.1777344,
        0.1843262,
        0.2033691,
        0.203125,
        0.1984863,
        0.2062988,
        0.2092285,
        0.2158203,
        0.2087402,
        0.215332,
        0.2231445,
        0.2434082,
        0.2646484,
        0.2878418,
        0.3005371,
        0.3508301,
        0.4055176,
        0.4572754,
        0.5,
        0.5393066,
        0.5805664,
        0.5878906,
        0.5961914,
        0.6125488,
        0.611084,
        0.5986328,
        0.5998535,
        0.590332,
        0.5817871,
        0.5732422,
        0.5559082,
        0.5402832,
        0.5422363,
        0.529541,
        0.5239258,
        0.5,
        0.482666,
        0.4785156,
        0.4882813,
        0.4865723,
        0.4787598,
        0.463623,
        0.4355469,
        0.4267578,
        0.3967285,
        0.3703613,
        0.3391113,
        0.3076172,
        0.2844238,
        0.2790527,
        0.3037109,
        0.371582,
        0.456543,
        0.5673828,
        0.6313477
    ]
}