{
    "name": "natural/R4",
    "type": "REFLECTANCE_NATURAL",
    "type_max": 1,
    "start_nm": 400,
    "end_nm": 700,
    "resolution": 5,
    "data": [
        0.4228516,
        0.2321777,
        0.1757813,
        0.2438965,
        0.1687012,
        0.2270508,
        0.2475586,
        0.2678223,
        0.3251953,
        0.3474121,
        0.3586426,
        0.3977051,
        0.4304199,
        0.4511719,
        0.4692383,
        0.4729004,
        0.4934082,
        0.5068359,
        0.5270996,
        0.546875,
        0.5571289,
        0.5800781,
        0.5961914,
        0.6210938,
        0.6289063,
        0.642334,
        0.6633301,
        0.666748,
        0.6628418,
        0.6916504,
        0.6865234,
        0.6838379,
        0.6828613,
        0.6860352,
        0.6828613,
        0.6906738,
        0.690918,
        0.6882324,
        0.6877441,
        0.6950684,
        0.6875,
        0.6870117,
        0.6855469,
        0.6745605,
        0.6806641,
        0.6860352,
        0.6887207,
        0.6811523,
        0.6921387,
        0.6904297,
        0.6772461,
        0.6726074,
        0.6501465,
        0.6472168,
        0.6386719,
        0.6513672,
        0.6384277,
        0.654541,
        0.6606445,
        0.668457,
        0.6723633
    ]
}