{
    "name": "natural/R40",
    "type": "REFLECTANCE_NATURAL",
    "type_max": 1,
    "start_nm": 400,
    "end_nm": 700,
    "resolution": 5,
    "data": [
        0.4614258,
        0.2678223,
        0.2197266,
        0.203125,
        0.1987305,
        0.1950684,
        0.1850586,
        0.208252,
        0.1960449,
        0.1972656,
        0.2033691,
        0.2104492,
        0.2236328,
        0.2302246,
        0.234375,
        0.2365723,
        0.2536621,
        0.2836914,
        0.3132324,
        0.3344727,
        0.3483887,
        0.373291,
        0.4123535,
        0.4348145,
        0.4624023,
        0.4760742,
        0.513916,
        0.5170898,
        0.5224609,
        0.5334473,
        0.5349121,
        0.5368652,
        0.5454102,
        0.5532227,
        0.5524902,
        0.560791,
        0.5683594,
        0.5644531,
        0.5610352,
        0.5693359,
        0.5722656,
        0.5644531,
        0.5585938,
        0.572998,
        0.5820313,
        0.5834961,
        0.5756836,
        0.5566406,
        0.5629883,
        0.5651855,
        0.5639648,
        0.5500488,
        0.5551758,
        0.5544434,
        0.5473633,
        0.5595703,
        0.550293,
        0.5390625,
        0.5661621,
        0.5649414,
        0.5527344
    ]
}