{
    "name": "natural/R41",
    "type": "REFLECTANCE_NATURAL",
    "type_max": 1,
    "start_nm": 400,
    "end_nm": 700,
    "resolution": 5,
    "data": [
        0.0769043,
        0.1428223,
        0.06591797,
        0.09765625,
        0.08422852,
        0.07958984,
        0.0769043,
        0.06835938,
        0.07421875,
        0.06958008,
        0.06494141,
        0.06567383,
        0.06347656,
        0.06665039,
        0.06225586,
        0.06738281,
        0.06469727,
        0.06298828,
        0.0690918,
        0.06713867,
        0.07470703,
        0.07543945,
        0.0871582,
        0.1054688,
        0.1193848,
        0.1398926,
        0.1503906,
        0.152832,
        0.1564941,
        0.1628418,
        0.1606445,
        0.1542969,
        0.1477051,
        0.1403809,
        0.1286621,
        0.1147461,
        0.1088867,
        0.1074219,
        0.1025391,
        0.09863281,
        0.0949707,
        0.09301758,
        0.08666992,
        0.08496094,
        0.08666992,
        0.08251953,
        0.08227539,
        0.07885742,
        0.07910156,
        0.07641602,
        0.07666016,
        0.0703125,
        0.07104492,
        0.07006836,
        0.07592773,
        0.08056641,
        0.08300781,
        0.09130859,
        0.1159668,
        0.1555176,
        0.2316895
    ]
}