{
    "name": "natural/R42",
    "type": "REFLECTANCE_NATURAL",
    "type_max": 1,
    "start_nm": 400,
    "end_nm": 700,
    "resolution": 5,
    "data": [
        0.2307129,
        0.1784668,
        0.1428223,
        0.1057129,
        0.06030273,
        0.09960938,
        0.06494141,
        0.07666016,
        0.0715332,
        0.07446289,
        0.07055664,
        0.0703125,
        0.06835938,
        0.07250977,
        0.06396484,
        0.07275391,
        0.06762695,
        0.06689453,
        0.07104492,
        0.0715332,
        0.06958008,
        0.07397461,
        0.07324219,
        0.07568359,
        0.07910156,
        0.08203125,
        0.08886719,
        0.09204102,
        0.1040039,
        0.1135254,
        0.1218262,
        0.1369629,
        0.1469727,
        0.1628418,
        0.1809082,
        0.2172852,
        0.2509766,
        0.2841797,
        0.3112793,
        0.357666,
        0.3911133,
        0.4003906,
        0.4138184,
        0.4257813,
        0.4423828,
        0.4484863,
        0.4538574,
        0.4406738,
        0.4372559,
        0.4448242,
        0.4384766,
        0.4274902,
        0.4187012,
        0.4040527,
        0.3845215,
        0.390625,
        0.3808594,
        0.3950195,
        0.4067383,
        0.4248047,
        0.4487305
    ]
}