{
    "name": "natural/R43",
    "type": "REFLECTANCE_NATURAL",
    "type_max": 1,
    "start_nm": 400,
    "end_nm": 700,
    "resolution": 5,
    "data": [
        0.3234863,
        0.309082,
        0.2680664,
        0.1359863,
        0.1987305,
        0.1640625,
        0.1542969,
        0.1572266,
        0.1523438,
        0.145752,
        0.1352539,
        0.1464844,
        0.1445313,
        0.144043,
        0.1401367,
        0.142334,
        0.145752,
        0.1503906,
        0.1574707,
        0.1640625,
        0.1760254,
        0.1987305,
        0.2299805,
        0.2590332,
        0.2929688,
        0.3200684,
        0.3549805,
        0.3632813,
        0.3710938,
        0.3676758,
        0.3679199,
        0.354248,
        0.3427734,
        0.3249512,
        0.3041992,
        0.2939453,
        0.2719727,
        0.2587891,
        0.2626953,
        0.2507324,
        0.2463379,
        0.2304688,
        0.2180176,
        0.2211914,
        0.2116699,
        0.2097168,
        0.2099609,
        0.203125,
        0.1923828,
        0.1760254,
        0.1755371,
        0.1726074,
        0.1625977,
        0.1535645,
        0.1564941,
        0.159668,
        0.170166,
        0.1955566,
        0.2453613,
        0.314209,
        0.4055176
    ]
}