{
    "name": "natural/R44",
    "type": "REFLECTANCE_NATURAL",
    "type_max": 1,
    "start_nm": 400,
    "end_nm": 700,
    "resolution": 5,
    "data": [
        0.0,
        0.0,
        0.0,
        0.0,
        0.0,
        0.0,
        0.02490234,
        0.01416016,
        0.03125,
        0.03051758,
        0.03344727,
        0.02978516,
        0.02978516,
        0.03271484,
        0.0300293,
        0.03320313,
        0.03881836,
        0.03369141,
        0.03979492,
        0.03686523,
        0.04077148,
        0.04345703,
        0.046875,
        0.04321289,
        0.05029297,
        0.05517578,
        0.0769043,
        0.1101074,
        0.1726074,
        0.255127,
        0.3530273,
        0.416748,
        0.4746094,
        0.5202637,
        0.5556641,
        0.6162109,
        0.6638184,
        0.6936035,
        0.7246094,
        0.7451172,
        0.7810059,
        0.796875,
        0.8012695,
        0.8371582,
        0.8425293,
        0.8432617,
        0.848877,
        0.8681641,
        0.8491211,
        0.8703613,
        0.8776855,
        0.8713379,
        0.8745117,
        0.8745117,
        0.8688965,
        0.8813477,
        0.8852539,
        0.8955078,
        0.911377,
        0.9013672,
        0.9086914
    ]
}