{
    "name": "natural/R45",
    "type": "REFLECTANCE_NATURAL",
    "type_max": 1,
    "start_nm": 400,
    "end_nm": 700,
    "resolution": 5,
    "data": [
        0.08813477,
        0.09082031,
        0.08251953,
        0.04077148,
        0.08276367,
        0.06347656,
        0.07470703,
        0.07421875,
        0.07373047,
        0.07983398,
        0.07568359,
        0.07495117,
        0.07397461,
        0.07080078,
        0.07373047,
        0.07275391,
        0.07275391,
        0.07275391,
        0.07006836,
        0.06982422,
        0.06738281,
        0.07226563,
        0.06787109,
        0.06884766,
        0.07226563,
        0.07543945,
        0.07202148,
        0.07080078,
        0.07299805,
        0.0715332,
        0.07373047,
        0.0703125,
        0.07348633,
        0.07373047,
        0.07104492,
        0.07470703,
        0.07617188,
        0.07910156,
        0.08544922,
        0.08837891,
        0.09912109,
        0.1015625,
        0.1096191,
        0.1176758,
        0.121582,
        0.1181641,
        0.1206055,
        0.1208496,
        0.1149902,
        0.1103516,
        0.1081543,
        0.1101074,
        0.1040039,
        0.1015625,
        0.09545898,
        0.1032715,
        0.112793,
        0.1313477,
        0.1623535,
        0.201416,
        0.2236328
    ]
}