{
    "name": "natural/R46",
    "type": "REFLECTANCE_NATURAL",
    "type_max": 1,
    "start_nm": 400,
    "end_nm": 700,
    "resolution": 5,
    "data": [
        0.2939453,
        0.2543945,
        0.154541,
        0.09521484,
        0.1435547,
        0.1081543,
        0.114502,
        0.09008789,
        0.1025391,
        0.09838867,
        0.08959961,
        0.1020508,
        0.09521484,
        0.0949707,
        0.09716797,
        0.09130859,
        0.09350586,
        0.09277344,
        0.09033203,
        0.09155273,
        0.09472656,
        0.09790039,
        0.1037598,
        0.1135254,
        0.1289063,
        0.1442871,
        0.1540527,
        0.1601563,
        0.1621094,
        0.1643066,
        0.1584473,
        0.1589355,
        0.1467285,
        0.1398926,
        0.1245117,
        0.1213379,
        0.1140137,
        0.107666,
        0.1096191,
        0.09985352,
        0.09790039,
        0.09619141,
        0.09399414,
        0.09472656,
        0.08984375,
        0.09057617,
        0.09082031,
        0.0859375,
        0.0847168,
        0.08740234,
        0.08227539,
        0.08276367,
        0.08398438,
        0.08740234,
        0.08447266,
        0.08666992,
        0.09692383,
        0.1018066,
        0.1230469,
        0.1552734,
        0.2236328
    ]
}