{
    "name": "natural/R47",
    "type": "REFLECTANCE_NATURAL",
    "type_max": 1,
    "start_nm": 400,
    "end_nm": 700,
    "resolution": 5,
    "data": [
        0.9997559,
        0.2614746,
        0.3579102,
        0.3652344,
        0.2717285,
        0.2441406,
        0.2456055,
        0.2443848,
        0.2424316,
        0.2468262,
        0.2536621,
        0.248291,
        0.2590332,
        0.2507324,
        0.2624512,
        0.2590332,
        0.2573242,
        0.2768555,
        0.2895508,
        0.3015137,
        0.3103027,
        0.3457031,
        0.3857422,
        0.4177246,
        0.4445801,
        0.4953613,
        0.5224609,
        0.5632324,
        0.5891113,
        0.6103516,
        0.6323242,
        0.6635742,
        0.6711426,
        0.6850586,
        0.703125,
        0.717041,
        0.7421875,
        0.730957,
        0.7543945,
        0.7644043,
        0.7709961,
        0.7961426,
        0.7949219,
        0.7741699,
        0.7749023,
        0.7939453,
        0.8225098,
        0.8293457,
        0.8151855,
        0.8164063,
        0.7993164,
        0.7983398,
        0.7958984,
        0.8244629,
        0.8227539,
        0.8220215,
        0.8032227,
        0.8178711,
        0.8305664,
        0.831543,
        0.8461914
    ]
}