{
    "name": "natural/R48",
    "type": "REFLECTANCE_NATURAL",
    "type_max": 1,
    "start_nm": 400,
    "end_nm": 700,
    "resolution": 5,
    "data": [
        0.2646484,
        0.2907715,
        0.2575684,
        0.2788086,
        0.2983398,
        0.3393555,
        0.3605957,
        0.3745117,
        0.3710938,
        0.3742676,
        0.3720703,
        0.3588867,
        0.3449707,
        0.3327637,
        0.3081055,
        0.2937012,
        0.2646484,
        0.2307129,
        0.2124023,
        0.1984863,
        0.1894531,
        0.1755371,
        0.1586914,
        0.1425781,
        0.1340332,
        0.1176758,
        0.1037598,
        0.1005859,
        0.09960938,
        0.09790039,
        0.09863281,
        0.09448242,
        0.09814453,
        0.09936523,
        0.09765625,
        0.1040039,
        0.1113281,
        0.1188965,
        0.1245117,
        0.1401367,
        0.1557617,
        0.166748,
        0.1748047,
        0.1848145,
        0.1938477,
        0.2023926,
        0.2089844,
        0.2258301,
        0.2565918,
        0.2800293,
        0.3010254,
        0.3400879,
        0.3884277,
        0.4294434,
        0.4619141,
        0.4919434,
        0.5285645,
        0.5783691,
        0.6166992,
        0.6430664,
        0.6706543
    ]
}