{
    "name": "natural/R49",
    "type": "REFLECTANCE_NATURAL",
    "type_max": 1,
    "start_nm": 400,
    "end_nm": 700,
    "resolution": 5,
    "data": [
        0.0,
        0.0,
        0.07226563,
        0.1020508,
        0.07177734,
        0.08203125,
        0.08203125,
        0.1005859,
        0.09863281,
        0.1005859,
        0.1025391,
        0.1047363,
        0.1064453,
        0.1083984,
        0.1083984,
        0.1086426,
        0.111084,
        0.1096191,
        0.1054688,
        0.1123047,
        0.1169434,
        0.1235352,
        0.1386719,
        0.15625,
        0.1787109,
        0.2097168,
        0.2255859,
        0.2316895,
        0.2338867,
        0.2373047,
        0.2363281,
        0.2211914,
        0.213623,
        0.2021484,
        0.1879883,
        0.177002,
        0.1650391,
        0.1542969,
        0.1557617,
        0.1499023,
        0.1467285,
        0.1364746,
        0.1286621,
        0.1325684,
        0.1274414,
        0.128418,
        0.1276855,
        0.1257324,
        0.1188965,
        0.1179199,
        0.1164551,
        0.1137695,
        0.1193848,
        0.1137695,
        0.1184082,
        0.130127,
        0.1379395,
        0.1481934,
        0.1784668,
        0.2338867,
        0.3039551
    ]
}