{
    "name": "natural/R5",
    "type": "REFLECTANCE_NATURAL",
    "type_max": 1,
    "start_nm": 400,
    "end_nm": 700,
    "resolution": 5,
    "data": [
        0.1538086,
        0.1071777,
        0.1428223,
        0.0,
        0.0300293,
        0.0637207,
        0.02392578,
        0.03759766,
        0.05273438,
        0.05004883,
        0.04882813,
        0.06079102,
        0.06176758,
        0.06958008,
        0.07788086,
        0.0769043,
        0.09057617,
        0.1062012,
        0.1223145,
        0.1376953,
        0.1594238,
        0.1845703,
        0.2404785,
        0.2854004,
        0.3388672,
        0.3979492,
        0.4592285,
        0.4936523,
        0.529541,
        0.5686035,
        0.5754395,
        0.5900879,
        0.595459,
        0.6066895,
        0.6152344,
        0.6254883,
        0.6386719,
        0.6320801,
        0.6269531,
        0.6342773,
        0.6357422,
        0.6335449,
        0.6306152,
        0.6154785,
        0.6254883,
        0.6315918,
        0.6428223,
        0.6362305,
        0.6276855,
        0.6225586,
        0.6174316,
        0.5998535,
        0.5969238,
        0.5854492,
        0.5727539,
        0.583252,
        0.5864258,
        0.5776367,
        0.5810547,
        0.6064453,
        0.6140137
    ]
}