{
    "name": "natural/R50",
    "type": "REFLECTANCE_NATURAL",
    "type_max": 1,
    "start_nm": 400,
    "end_nm": 700,
    "resolution": 5,
    "data": [
        0.2058105,
        0.3271484,
        0.3400879,
        0.3061523,
        0.3149414,
        0.3544922,
        0.3681641,
        0.3708496,
        0.3549805,
        0.3378906,
        0.317627,
        0.3066406,
        0.2875977,
        0.2717285,
        0.2578125,
        0.2404785,
        0.2158203,
        0.2019043,
        0.1813965,
        0.1757813,
        0.1687012,
        0.1621094,
        0.1477051,
        0.1411133,
        0.1318359,
        0.1237793,
        0.1218262,
        0.1159668,
        0.1184082,
        0.1206055,
        0.1201172,
        0.1169434,
        0.1188965,
        0.1203613,
        0.1149902,
        0.1208496,
        0.1364746,
        0.1452637,
        0.1574707,
        0.1682129,
        0.1757813,
        0.1787109,
        0.1748047,
        0.1765137,
        0.1791992,
        0.1831055,
        0.1962891,
        0.2072754,
        0.2314453,
        0.2541504,
        0.2854004,
        0.3325195,
        0.3723145,
        0.4133301,
        0.4299316,
        0.4724121,
        0.5056152,
        0.5456543,
        0.5800781,
        0.6086426,
        0.6357422
    ]
}