{
    "name": "natural/R51",
    "type": "REFLECTANCE_NATURAL",
    "type_max": 1,
    "start_nm": 400,
    "end_nm": 700,
    "resolution": 5,
    "data": [
        0.2939453,
        0.1635742,
        0.2060547,
        0.1157227,
        0.09936523,
        0.1230469,
        0.1020508,
        0.107666,
        0.1149902,
        0.1123047,
        0.1091309,
        0.1054688,
        0.1064453,
        0.1083984,
        0.1083984,
        0.1130371,
        0.111084,
        0.111084,
        0.1181641,
        0.1220703,
        0.1264648,
        0.1379395,
        0.1621094,
        0.1816406,
        0.2033691,
        0.2321777,
        0.2470703,
        0.2495117,
        0.2453613,
        0.2492676,
        0.2480469,
        0.2399902,
        0.2368164,
        0.2197266,
        0.2062988,
        0.1943359,
        0.1835938,
        0.175293,
        0.1711426,
        0.1645508,
        0.1599121,
        0.1591797,
        0.1474609,
        0.1501465,
        0.1452637,
        0.1450195,
        0.144043,
        0.1374512,
        0.1259766,
        0.1264648,
        0.1201172,
        0.1164551,
        0.1174316,
        0.1157227,
        0.1203613,
        0.1213379,
        0.137207,
        0.1625977,
        0.1901855,
        0.2492676,
        0.3251953
    ]
}