{
    "name": "natural/R52",
    "type": "REFLECTANCE_NATURAL",
    "type_max": 1,
    "start_nm": 400,
    "end_nm": 700,
    "resolution": 5,
    "data": [
        0.5,
        0.4067383,
        0.2783203,
        0.2954102,
        0.1706543,
        0.1660156,
        0.1501465,
        0.1381836,
        0.1384277,
        0.1369629,
        0.1486816,
        0.1428223,
        0.1499023,
        0.1396484,
        0.1462402,
        0.1403809,
        0.1552734,
        0.1782227,
        0.2397461,
        0.2915039,
        0.3320313,
        0.4311523,
        0.5424805,
        0.6245117,
        0.6955566,
        0.7441406,
        0.7814941,
        0.8288574,
        0.8288574,
        0.8505859,
        0.8730469,
        0.8845215,
        0.8803711,
        0.8964844,
        0.8913574,
        0.887207,
        0.8903809,
        0.895752,
        0.9069824,
        0.8935547,
        0.9082031,
        0.9013672,
        0.9042969,
        0.9238281,
        0.8991699,
        0.9108887,
        0.8986816,
        0.9025879,
        0.8874512,
        0.9018555,
        0.8830566,
        0.8813477,
        0.8867188,
        0.8942871,
        0.8828125,
        0.8776855,
        0.8786621,
        0.875,
        0.8759766,
        0.8820801,
        0.861084
    ]
}