{
    "name": "natural/R53",
    "type": "REFLECTANCE_NATURAL",
    "type_max": 1,
    "start_nm": 400,
    "end_nm": 700,
    "resolution": 5,
    "data": [
        0.1052246,
        0.1694336,
        0.1958008,
        0.08325195,
        0.09765625,
        0.1105957,
        0.1196289,
        0.1071777,
        0.1074219,
        0.1071777,
        0.1091309,
        0.09790039,
        0.1040039,
        0.1062012,
        0.1105957,
        0.1083984,
        0.105957,
        0.1074219,
        0.1115723,
        0.1264648,
        0.1337891,
        0.1550293,
        0.1989746,
        0.2380371,
        0.2746582,
        0.3078613,
        0.3408203,
        0.3664551,
        0.3674316,
        0.371582,
        0.373291,
        0.348877,
        0.3393555,
        0.3212891,
        0.3046875,
        0.282959,
        0.263916,
        0.2480469,
        0.2446289,
        0.234375,
        0.2268066,
        0.2067871,
        0.1987305,
        0.2001953,
        0.1862793,
        0.1918945,
        0.1831055,
        0.1699219,
        0.1618652,
        0.1501465,
        0.1450195,
        0.1362305,
        0.1247559,
        0.121582,
        0.1157227,
        0.119873,
        0.1369629,
        0.1660156,
        0.229248,
        0.3210449,
        0.4196777
    ]
}