{
    "name": "natural/R54",
    "type": "REFLECTANCE_NATURAL",
    "type_max": 1,
    "start_nm": 400,
    "end_nm": 700,
    "resolution": 5,
    "data": [
        0.4375,
        0.4135742,
        0.4111328,
        0.4916992,
        0.4155273,
        0.4020996,
        0.395752,
        0.3945313,
        0.3757324,
        0.3728027,
        0.3586426,
        0.3479004,
        0.3344727,
        0.3215332,
        0.3129883,
        0.2983398,
        0.2749023,
        0.2570801,
        0.25,
        0.2402344,
        0.2436523,
        0.2358398,
        0.2194824,
        0.213623,
        0.2126465,
        0.2019043,
        0.2009277,
        0.1953125,
        0.1975098,
        0.2058105,
        0.1982422,
        0.1899414,
        0.1916504,
        0.1965332,
        0.189209,
        0.1867676,
        0.1931152,
        0.1987305,
        0.2087402,
        0.2165527,
        0.2224121,
        0.2236328,
        0.2182617,
        0.222168,
        0.2197266,
        0.2224121,
        0.2294922,
        0.2402344,
        0.2692871,
        0.2888184,
        0.3164063,
        0.3498535,
        0.3911133,
        0.4160156,
        0.4553223,
        0.4814453,
        0.4916992,
        0.4958496,
        0.5170898,
        0.519043,
        0.515625
    ]
}