{
    "name": "natural/R55",
    "type": "REFLECTANCE_NATURAL",
    "type_max": 1,
    "start_nm": 400,
    "end_nm": 700,
    "resolution": 5,
    "data": [
        0.375,
        0.0,
        0.1027832,
        0.07250977,
        0.06738281,
        0.1015625,
        0.09765625,
        0.1071777,
        0.1040039,
        0.1018066,
        0.1066895,
        0.1135254,
        0.1118164,
        0.1157227,
        0.1210938,
        0.1225586,
        0.1264648,
        0.130127,
        0.1416016,
        0.1369629,
        0.1416016,
        0.151123,
        0.1542969,
        0.1594238,
        0.1635742,
        0.1704102,
        0.1779785,
        0.1816406,
        0.1848145,
        0.1962891,
        0.2053223,
        0.2070313,
        0.2109375,
        0.2163086,
        0.2155762,
        0.222168,
        0.234375,
        0.2392578,
        0.2429199,
        0.2478027,
        0.2575684,
        0.2709961,
        0.2780762,
        0.2836914,
        0.2827148,
        0.2915039,
        0.298584,
        0.3085938,
        0.3122559,
        0.314209,
        0.3225098,
        0.3366699,
        0.3466797,
        0.3459473,
        0.3586426,
        0.3635254,
        0.3686523,
        0.3757324,
        0.3781738,
        0.3823242,
        0.3806152
    ]
}