{
    "name": "natural/R56",
    "type": "REFLECTANCE_NATURAL",
    "type_max": 1,
    "start_nm": 400,
    "end_nm": 700,
    "resolution": 5,
    "data": [
        0.4375,
        0.3791504,
        0.4111328,
        0.4594727,
        0.4660645,
        0.4509277,
        0.5012207,
        0.5087891,
        0.4992676,
        0.5009766,
        0.4978027,
        0.5087891,
        0.498291,
        0.4990234,
        0.4899902,
        0.484375,
        0.465332,
        0.4580078,
        0.4604492,
        0.4528809,
        0.4538574,
        0.4577637,
        0.4433594,
        0.4394531,
        0.4421387,
        0.4345703,
        0.4399414,
        0.4433594,
        0.4487305,
        0.4675293,
        0.4816895,
        0.4926758,
        0.5085449,
        0.5161133,
        0.520752,
        0.543457,
        0.5625,
        0.5822754,
        0.6000977,
        0.6088867,
        0.6276855,
        0.6564941,
        0.668457,
        0.6772461,
        0.6674805,
        0.673584,
        0.6789551,
        0.6911621,
        0.6943359,
        0.6975098,
        0.7026367,
        0.7021484,
        0.7041016,
        0.7128906,
        0.7158203,
        0.6982422,
        0.706543,
        0.7163086,
        0.7141113,
        0.7148438,
        0.7131348
    ]
}