{
    "name": "natural/R57",
    "type": "REFLECTANCE_NATURAL",
    "type_max": 1,
    "start_nm": 400,
    "end_nm": 700,
    "resolution": 5,
    "data": [
        0.0625,
        0.1035156,
        0.1401367,
        0.1450195,
        0.1347656,
        0.1240234,
        0.1413574,
        0.1391602,
        0.1357422,
        0.1401367,
        0.1376953,
        0.1435547,
        0.1499023,
        0.1450195,
        0.1533203,
        0.1513672,
        0.1525879,
        0.15625,
        0.1625977,
        0.1687012,
        0.1640625,
        0.1711426,
        0.1782227,
        0.1777344,
        0.185791,
        0.1850586,
        0.1933594,
        0.203125,
        0.2036133,
        0.2119141,
        0.2148438,
        0.2189941,
        0.2197266,
        0.2224121,
        0.2243652,
        0.230957,
        0.2331543,
        0.2336426,
        0.2409668,
        0.2426758,
        0.2490234,
        0.2556152,
        0.262207,
        0.269043,
        0.2648926,
        0.2739258,
        0.2770996,
        0.2749023,
        0.2827148,
        0.2875977,
        0.2875977,
        0.2939453,
        0.3059082,
        0.3041992,
        0.3156738,
        0.3151855,
        0.3227539,
        0.3310547,
        0.3410645,
        0.3510742,
        0.3371582
    ]
}