{
    "name": "natural/R58",
    "type": "REFLECTANCE_NATURAL",
    "type_max": 1,
    "start_nm": 400,
    "end_nm": 700,
    "resolution": 5,
    "data": [
        0.46875,
        0.3620605,
        0.3269043,
        0.3225098,
        0.3481445,
        0.3532715,
        0.3237305,
        0.3232422,
        0.3022461,
        0.3205566,
        0.3034668,
        0.2900391,
        0.2841797,
        0.2741699,
        0.2670898,
        0.2563477,
        0.230957,
        0.2172852,
        0.204834,
        0.1904297,
        0.1867676,
        0.1711426,
        0.1533203,
        0.1369629,
        0.1313477,
        0.1169434,
        0.1101074,
        0.1013184,
        0.09741211,
        0.09912109,
        0.09570313,
        0.09741211,
        0.09399414,
        0.09545898,
        0.1008301,
        0.1064453,
        0.1096191,
        0.1179199,
        0.1335449,
        0.1462402,
        0.1645508,
        0.184082,
        0.1982422,
        0.2058105,
        0.2067871,
        0.2155762,
        0.2250977,
        0.2316895,
        0.2470703,
        0.2609863,
        0.2661133,
        0.2805176,
        0.3046875,
        0.3137207,
        0.3234863,
        0.3195801,
        0.338623,
        0.3503418,
        0.3562012,
        0.3601074,
        0.3703613
    ]
}