{
    "name": "natural/R59",
    "type": "REFLECTANCE_NATURAL",
    "type_max": 1,
    "start_nm": 400,
    "end_nm": 700,
    "resolution": 5,
    "data": [
        0.15625,
        0.1035156,
        0.09350586,
        0.1369629,
        0.1179199,
        0.1052246,
        0.1259766,
        0.1071777,
        0.08813477,
        0.09570313,
        0.08764648,
        0.0871582,
        0.07836914,
        0.07788086,
        0.07641602,
        0.07006836,
        0.0625,
        0.05688477,
        0.05322266,
        0.05102539,
        0.04760742,
        0.04541016,
        0.04125977,
        0.03588867,
        0.03442383,
        0.03417969,
        0.03149414,
        0.03076172,
        0.0300293,
        0.03027344,
        0.03125,
        0.03173828,
        0.03051758,
        0.03100586,
        0.03222656,
        0.03076172,
        0.03125,
        0.03417969,
        0.03735352,
        0.04003906,
        0.04663086,
        0.0480957,
        0.05200195,
        0.05517578,
        0.05712891,
        0.05883789,
        0.06640625,
        0.07177734,
        0.08154297,
        0.08642578,
        0.09667969,
        0.1088867,
        0.1193848,
        0.1401367,
        0.154541,
        0.1655273,
        0.1816406,
        0.1901855,
        0.2038574,
        0.208252,
        0.2155762
    ]
}