{
    "name": "natural/R6",
    "type": "REFLECTANCE_NATURAL",
    "type_max": 1,
    "start_nm": 400,
    "end_nm": 700,
    "resolution": 5,
    "data": [
        0.2307129,
        0.3391113,
        0.3735352,
        0.2763672,
        0.2590332,
        0.2429199,
        0.2114258,
        0.2216797,
        0.2297363,
        0.2304688,
        0.2265625,
        0.230957,
        0.2253418,
        0.236084,
        0.2431641,
        0.2414551,
        0.2434082,
        0.2409668,
        0.2531738,
        0.253418,
        0.2514648,
        0.2543945,
        0.2619629,
        0.2597656,
        0.2717285,
        0.2749023,
        0.2868652,
        0.2824707,
        0.2868652,
        0.2963867,
        0.2988281,
        0.2976074,
        0.2980957,
        0.302002,
        0.3005371,
        0.3076172,
        0.3137207,
        0.310791,
        0.3122559,
        0.3215332,
        0.3193359,
        0.3239746,
        0.3203125,
        0.3188477,
        0.3288574,
        0.3359375,
        0.3452148,
        0.3359375,
        0.3369141,
        0.3491211,
        0.3398438,
        0.3354492,
        0.3349609,
        0.3383789,
        0.3503418,
        0.364502,
        0.3469238,
        0.3574219,
        0.3525391,
        0.355957,
        0.3603516
    ]
}