{
    "name": "natural/R60",
    "type": "REFLECTANCE_NATURAL",
    "type_max": 1,
    "start_nm": 400,
    "end_nm": 700,
    "resolution": 5,
    "data": [
        0.6560059,
        0.3791504,
        0.5324707,
        0.5483398,
        0.5393066,
        0.5524902,
        0.5961914,
        0.572998,
        0.552002,
        0.5744629,
        0.5595703,
        0.5444336,
        0.5114746,
        0.4902344,
        0.4628906,
        0.4350586,
        0.3830566,
        0.3522949,
        0.3254395,
        0.298584,
        0.2873535,
        0.262207,
        0.2421875,
        0.2202148,
        0.1984863,
        0.1843262,
        0.1711426,
        0.152832,
        0.1408691,
        0.1337891,
        0.1281738,
        0.121582,
        0.114502,
        0.1086426,
        0.1113281,
        0.109375,
        0.1044922,
        0.107666,
        0.109375,
        0.1091309,
        0.111084,
        0.1140137,
        0.1210938,
        0.1303711,
        0.1286621,
        0.1430664,
        0.1630859,
        0.1948242,
        0.2358398,
        0.2749023,
        0.3146973,
        0.3586426,
        0.4099121,
        0.456543,
        0.4914551,
        0.4980469,
        0.5029297,
        0.5070801,
        0.5136719,
        0.526123,
        0.517334
    ]
}