{
    "name": "natural/R61",
    "type": "REFLECTANCE_NATURAL",
    "type_max": 1,
    "start_nm": 400,
    "end_nm": 700,
    "resolution": 5,
    "data": [
        0.21875,
        0.2241211,
        0.1589355,
        0.1369629,
        0.1291504,
        0.1276855,
        0.1181641,
        0.1105957,
        0.119873,
        0.125,
        0.123291,
        0.1257324,
        0.1206055,
        0.126709,
        0.1245117,
        0.1245117,
        0.1259766,
        0.1274414,
        0.1274414,
        0.1325684,
        0.1311035,
        0.1477051,
        0.1699219,
        0.1843262,
        0.2026367,
        0.2192383,
        0.2321777,
        0.2387695,
        0.2358398,
        0.2382813,
        0.239502,
        0.2341309,
        0.2250977,
        0.2138672,
        0.2050781,
        0.1958008,
        0.1833496,
        0.177002,
        0.1743164,
        0.1691895,
        0.1635742,
        0.1635742,
        0.1584473,
        0.1555176,
        0.1484375,
        0.1499023,
        0.1513672,
        0.1464844,
        0.1394043,
        0.1379395,
        0.1369629,
        0.1320801,
        0.1259766,
        0.1286621,
        0.1335449,
        0.1352539,
        0.1455078,
        0.1655273,
        0.1794434,
        0.2189941,
        0.2763672
    ]
}