{
    "name": "natural/R62",
    "type": "REFLECTANCE_NATURAL",
    "type_max": 1,
    "start_nm": 400,
    "end_nm": 700,
    "resolution": 5,
    "data": [
        0.3125,
        0.1723633,
        0.1494141,
        0.112793,
        0.09545898,
        0.08276367,
        0.06176758,
        0.06958008,
        0.0637207,
        0.06445313,
        0.05834961,
        0.05078125,
        0.04907227,
        0.04541016,
        0.04516602,
        0.03930664,
        0.03808594,
        0.03637695,
        0.03564453,
        0.03613281,
        0.03930664,
        0.03515625,
        0.03491211,
        0.03686523,
        0.03588867,
        0.03564453,
        0.03393555,
        0.03613281,
        0.04223633,
        0.04516602,
        0.04516602,
        0.0480957,
        0.05419922,
        0.05810547,
        0.0690918,
        0.07861328,
        0.09375,
        0.1071777,
        0.126709,
        0.154541,
        0.1933594,
        0.2250977,
        0.2590332,
        0.2895508,
        0.3015137,
        0.3276367,
        0.3754883,
        0.4128418,
        0.4489746,
        0.4819336,
        0.4941406,
        0.512207,
        0.5195313,
        0.5339355,
        0.5380859,
        0.5412598,
        0.5534668,
        0.5612793,
        0.5710449,
        0.5690918,
        0.5668945
    ]
}