{
    "name": "natural/R63",
    "type": "REFLECTANCE_NATURAL",
    "type_max": 1,
    "start_nm": 400,
    "end_nm": 700,
    "resolution": 5,
    "data": [
        0.0,
        0.06884766,
        0.04663086,
        0.09667969,
        0.05615234,
        0.06396484,
        0.05664063,
        0.06616211,
        0.0612793,
        0.06347656,
        0.06591797,
        0.06713867,
        0.06591797,
        0.06201172,
        0.06103516,
        0.05786133,
        0.05712891,
        0.05834961,
        0.05664063,
        0.05737305,
        0.05834961,
        0.05322266,
        0.05981445,
        0.05737305,
        0.05957031,
        0.05810547,
        0.05859375,
        0.06079102,
        0.05859375,
        0.06201172,
        0.06738281,
        0.07177734,
        0.06860352,
        0.07177734,
        0.07592773,
        0.08129883,
        0.08862305,
        0.09472656,
        0.1035156,
        0.111084,
        0.1245117,
        0.1308594,
        0.1335449,
        0.1413574,
        0.1420898,
        0.1459961,
        0.1481934,
        0.1445313,
        0.144043,
        0.1386719,
        0.1345215,
        0.1252441,
        0.1213379,
        0.1103516,
        0.1142578,
        0.1159668,
        0.1318359,
        0.1623535,
        0.2062988,
        0.2741699,
        0.3513184
    ]
}