{
    "name": "natural/R64",
    "type": "REFLECTANCE_NATURAL",
    "type_max": 1,
    "start_nm": 400,
    "end_nm": 700,
    "resolution": 5,
    "data": [
        0.21875,
        0.1723633,
        0.09350586,
        0.1530762,
        0.1459961,
        0.1052246,
        0.128418,
        0.1374512,
        0.1418457,
        0.1450195,
        0.1542969,
        0.1516113,
        0.1462402,
        0.1520996,
        0.1555176,
        0.1530762,
        0.1608887,
        0.1662598,
        0.182373,
        0.1948242,
        0.2033691,
        0.2265625,
        0.2495117,
        0.2753906,
        0.2854004,
        0.3005371,
        0.3168945,
        0.322998,
        0.331543,
        0.3432617,
        0.3317871,
        0.342041,
        0.3457031,
        0.342041,
        0.3378906,
        0.3278809,
        0.3325195,
        0.3342285,
        0.3347168,
        0.3293457,
        0.3349609,
        0.3273926,
        0.326416,
        0.3293457,
        0.3190918,
        0.3266602,
        0.3188477,
        0.309082,
        0.293457,
        0.2736816,
        0.2756348,
        0.2641602,
        0.2490234,
        0.2329102,
        0.2175293,
        0.2158203,
        0.2375488,
        0.2785645,
        0.3444824,
        0.3984375,
        0.4396973
    ]
}