{
    "name": "natural/R65",
    "type": "REFLECTANCE_NATURAL",
    "type_max": 1,
    "start_nm": 400,
    "end_nm": 700,
    "resolution": 5,
    "data": [
        0.0625,
        0.08618164,
        0.121582,
        0.1369629,
        0.07861328,
        0.1164551,
        0.1027832,
        0.1105957,
        0.1088867,
        0.112793,
        0.1132813,
        0.1179199,
        0.1123047,
        0.114502,
        0.1137695,
        0.1203613,
        0.1159668,
        0.1213379,
        0.1264648,
        0.1340332,
        0.135498,
        0.1472168,
        0.1708984,
        0.1948242,
        0.2182617,
        0.2451172,
        0.2717285,
        0.2819824,
        0.286377,
        0.2885742,
        0.2822266,
        0.2770996,
        0.267334,
        0.2558594,
        0.237793,
        0.2290039,
        0.2141113,
        0.2033691,
        0.2011719,
        0.1933594,
        0.1882324,
        0.1799316,
        0.1738281,
        0.1723633,
        0.1657715,
        0.1687012,
        0.1660156,
        0.1616211,
        0.1547852,
        0.1518555,
        0.1481934,
        0.1408691,
        0.135498,
        0.1394043,
        0.1384277,
        0.1352539,
        0.1508789,
        0.1623535,
        0.2028809,
        0.2609863,
        0.3256836
    ]
}