{
    "name": "natural/R66",
    "type": "REFLECTANCE_NATURAL",
    "type_max": 1,
    "start_nm": 400,
    "end_nm": 700,
    "resolution": 5,
    "data": [
        0.34375,
        0.3620605,
        0.2802734,
        0.2580566,
        0.2246094,
        0.2216797,
        0.2519531,
        0.251709,
        0.2434082,
        0.269043,
        0.2810059,
        0.2944336,
        0.2944336,
        0.3049316,
        0.3005371,
        0.3056641,
        0.3085938,
        0.3134766,
        0.3259277,
        0.3352051,
        0.3425293,
        0.3520508,
        0.3728027,
        0.3759766,
        0.378418,
        0.3972168,
        0.4118652,
        0.4074707,
        0.4111328,
        0.4228516,
        0.4165039,
        0.4177246,
        0.4255371,
        0.4194336,
        0.4157715,
        0.4177246,
        0.4143066,
        0.407959,
        0.4143066,
        0.4091797,
        0.4138184,
        0.4125977,
        0.4089355,
        0.416748,
        0.4094238,
        0.4133301,
        0.4077148,
        0.402832,
        0.3916016,
        0.3967285,
        0.3981934,
        0.3830566,
        0.3813477,
        0.3708496,
        0.3720703,
        0.3547363,
        0.378418,
        0.3964844,
        0.4194336,
        0.4494629,
        0.4604492
    ]
}