{
    "name": "natural/R67",
    "type": "REFLECTANCE_NATURAL",
    "type_max": 1,
    "start_nm": 400,
    "end_nm": 700,
    "resolution": 5,
    "data": [
        0.46875,
        0.2585449,
        0.1589355,
        0.2177734,
        0.2358398,
        0.2631836,
        0.3161621,
        0.3498535,
        0.3708496,
        0.3991699,
        0.4060059,
        0.4165039,
        0.4279785,
        0.4287109,
        0.4384766,
        0.4355469,
        0.4455566,
        0.4375,
        0.4470215,
        0.454834,
        0.4604492,
        0.4641113,
        0.4645996,
        0.4626465,
        0.4672852,
        0.4765625,
        0.4831543,
        0.4758301,
        0.4782715,
        0.4921875,
        0.494873,
        0.4926758,
        0.487793,
        0.489502,
        0.4824219,
        0.4838867,
        0.480957,
        0.4758301,
        0.4694824,
        0.4775391,
        0.4794922,
        0.4731445,
        0.4755859,
        0.4821777,
        0.4660645,
        0.4741211,
        0.458252,
        0.4572754,
        0.463623,
        0.4570313,
        0.4592285,
        0.4604492,
        0.4594727,
        0.4558105,
        0.4470215,
        0.4484863,
        0.4553223,
        0.4553223,
        0.4675293,
        0.4699707,
        0.473877
    ]
}