{
    "name": "natural/R68",
    "type": "REFLECTANCE_NATURAL",
    "type_max": 1,
    "start_nm": 400,
    "end_nm": 700,
    "resolution": 5,
    "data": [
        0.0,
        0.0,
        0.09082031,
        0.06787109,
        0.06542969,
        0.1306152,
        0.1201172,
        0.1108398,
        0.1384277,
        0.1391602,
        0.1394043,
        0.138916,
        0.1494141,
        0.1469727,
        0.1428223,
        0.1416016,
        0.1474609,
        0.1503906,
        0.1520996,
        0.1557617,
        0.1645508,
        0.1901855,
        0.2185059,
        0.2460938,
        0.2661133,
        0.2856445,
        0.2937012,
        0.2807617,
        0.2785645,
        0.28125,
        0.2792969,
        0.2683105,
        0.253418,
        0.2473145,
        0.2312012,
        0.2175293,
        0.201416,
        0.1950684,
        0.1889648,
        0.1831055,
        0.1694336,
        0.1618652,
        0.157959,
        0.1513672,
        0.1474609,
        0.1408691,
        0.1357422,
        0.128418,
        0.1206055,
        0.1091309,
        0.09692383,
        0.09399414,
        0.08325195,
        0.08374023,
        0.07836914,
        0.0793457,
        0.08911133,
        0.1159668,
        0.1499023,
        0.1977539,
        0.2653809
    ]
}