{
    "name": "natural/R69",
    "type": "REFLECTANCE_NATURAL",
    "type_max": 1,
    "start_nm": 400,
    "end_nm": 700,
    "resolution": 5,
    "data": [
        0.2824707,
        0.333252,
        0.25,
        0.2373047,
        0.2155762,
        0.2431641,
        0.2485352,
        0.2373047,
        0.2451172,
        0.2480469,
        0.2529297,
        0.260498,
        0.2536621,
        0.2568359,
        0.2539063,
        0.2587891,
        0.2573242,
        0.2739258,
        0.2944336,
        0.3137207,
        0.3349609,
        0.3562012,
        0.3945313,
        0.420166,
        0.4377441,
        0.4523926,
        0.4624023,
        0.4624023,
        0.4599609,
        0.4631348,
        0.4699707,
        0.4599609,
        0.4594727,
        0.4475098,
        0.4477539,
        0.4450684,
        0.4382324,
        0.4326172,
        0.4221191,
        0.4248047,
        0.4177246,
        0.4047852,
        0.4118652,
        0.4050293,
        0.4020996,
        0.3901367,
        0.3903809,
        0.3996582,
        0.376709,
        0.3608398,
        0.3461914,
        0.3410645,
        0.3232422,
        0.3037109,
        0.2878418,
        0.2946777,
        0.3149414,
        0.3669434,
        0.4118652,
        0.4665527,
        0.4936523
    ]
}