{
    "name": "natural/R7",
    "type": "REFLECTANCE_NATURAL",
    "type_max": 1,
    "start_nm": 400,
    "end_nm": 700,
    "resolution": 5,
    "data": [
        0.0769043,
        0.1071777,
        0.2307129,
        0.2275391,
        0.1867676,
        0.2231445,
        0.2163086,
        0.2216797,
        0.2209473,
        0.2216797,
        0.217041,
        0.1994629,
        0.1953125,
        0.1918945,
        0.1821289,
        0.1687012,
        0.1538086,
        0.1394043,
        0.1271973,
        0.1188965,
        0.1113281,
        0.1035156,
        0.09423828,
        0.08349609,
        0.07861328,
        0.07617188,
        0.07104492,
        0.06982422,
        0.06665039,
        0.06689453,
        0.06396484,
        0.06420898,
        0.06811523,
        0.06738281,
        0.07055664,
        0.078125,
        0.0871582,
        0.09716797,
        0.1052246,
        0.1235352,
        0.1503906,
        0.1694336,
        0.1928711,
        0.2106934,
        0.2329102,
        0.2646484,
        0.2939453,
        0.329834,
        0.3657227,
        0.3986816,
        0.4160156,
        0.4389648,
        0.4614258,
        0.4772949,
        0.4902344,
        0.510498,
        0.5107422,
        0.5080566,
        0.5070801,
        0.515625,
        0.5236816
    ]
}