{
    "name": "natural/R70",
    "type": "REFLECTANCE_NATURAL",
    "type_max": 1,
    "start_nm": 400,
    "end_nm": 700,
    "resolution": 5,
    "data": [
        0.0,
        0.104248,
        0.1589355,
        0.2287598,
        0.2287598,
        0.2297363,
        0.2346191,
        0.2548828,
        0.2792969,
        0.2839355,
        0.293457,
        0.3063965,
        0.3066406,
        0.3059082,
        0.3044434,
        0.3100586,
        0.3168945,
        0.322998,
        0.3266602,
        0.3461914,
        0.3549805,
        0.3620605,
        0.3657227,
        0.3811035,
        0.3840332,
        0.3952637,
        0.3964844,
        0.3950195,
        0.4001465,
        0.4050293,
        0.40625,
        0.407959,
        0.4104004,
        0.4055176,
        0.4125977,
        0.4150391,
        0.4196777,
        0.4179688,
        0.4211426,
        0.4174805,
        0.4191895,
        0.416748,
        0.4328613,
        0.4284668,
        0.4182129,
        0.4138184,
        0.4221191,
        0.4147949,
        0.4091797,
        0.4104004,
        0.4013672,
        0.4042969,
        0.401123,
        0.3947754,
        0.3867188,
        0.3920898,
        0.3991699,
        0.4204102,
        0.4370117,
        0.4523926,
        0.4567871
    ]
}