{
    "name": "natural/R71",
    "type": "REFLECTANCE_NATURAL",
    "type_max": 1,
    "start_nm": 400,
    "end_nm": 700,
    "resolution": 5,
    "data": [
        0.1955566,
        0.1665039,
        0.2612305,
        0.3220215,
        0.3200684,
        0.3466797,
        0.3547363,
        0.340332,
        0.3217773,
        0.3154297,
        0.3095703,
        0.2878418,
        0.2763672,
        0.2573242,
        0.2478027,
        0.2314453,
        0.206543,
        0.1904297,
        0.1784668,
        0.1730957,
        0.1721191,
        0.1628418,
        0.1516113,
        0.1459961,
        0.135498,
        0.1274414,
        0.123291,
        0.1203613,
        0.121582,
        0.1220703,
        0.1206055,
        0.1149902,
        0.1169434,
        0.1130371,
        0.1098633,
        0.1125488,
        0.1188965,
        0.1257324,
        0.1333008,
        0.1401367,
        0.135498,
        0.137207,
        0.1315918,
        0.1362305,
        0.1333008,
        0.1347656,
        0.1384277,
        0.152832,
        0.1745605,
        0.1970215,
        0.2104492,
        0.2387695,
        0.2651367,
        0.2927246,
        0.3205566,
        0.322998,
        0.3295898,
        0.3334961,
        0.331543,
        0.3222656,
        0.333252
    ]
}