{
    "name": "natural/R72",
    "type": "REFLECTANCE_NATURAL",
    "type_max": 1,
    "start_nm": 400,
    "end_nm": 700,
    "resolution": 5,
    "data": [
        0.0,
        0.125,
        0.1477051,
        0.1694336,
        0.1699219,
        0.1711426,
        0.1564941,
        0.1691895,
        0.168457,
        0.151123,
        0.1547852,
        0.1635742,
        0.1625977,
        0.1635742,
        0.157959,
        0.1560059,
        0.1572266,
        0.1560059,
        0.1584473,
        0.1650391,
        0.1689453,
        0.1733398,
        0.1809082,
        0.2011719,
        0.2138672,
        0.2375488,
        0.2519531,
        0.262207,
        0.2597656,
        0.263916,
        0.2543945,
        0.2507324,
        0.2409668,
        0.2290039,
        0.222168,
        0.2089844,
        0.1989746,
        0.1989746,
        0.1958008,
        0.189209,
        0.185791,
        0.1762695,
        0.1816406,
        0.1760254,
        0.1660156,
        0.1694336,
        0.1721191,
        0.1662598,
        0.1647949,
        0.1645508,
        0.1604004,
        0.1606445,
        0.1608887,
        0.1630859,
        0.1687012,
        0.1816406,
        0.1779785,
        0.185791,
        0.1933594,
        0.2329102,
        0.2983398
    ]
}