{
    "name": "natural/R73",
    "type": "REFLECTANCE_NATURAL",
    "type_max": 1,
    "start_nm": 400,
    "end_nm": 700,
    "resolution": 5,
    "data": [
        0.04345703,
        0.0,
        0.0,
        0.04248047,
        0.06542969,
        0.04956055,
        0.05297852,
        0.05053711,
        0.0546875,
        0.04907227,
        0.03955078,
        0.04882813,
        0.04467773,
        0.04736328,
        0.046875,
        0.04882813,
        0.04858398,
        0.05371094,
        0.06225586,
        0.06738281,
        0.08032227,
        0.1018066,
        0.1347656,
        0.1828613,
        0.2226563,
        0.2724609,
        0.3146973,
        0.3461914,
        0.3728027,
        0.4008789,
        0.4104004,
        0.4174805,
        0.4343262,
        0.4384766,
        0.442627,
        0.4558105,
        0.4584961,
        0.4655762,
        0.4746094,
        0.4731445,
        0.4606934,
        0.4641113,
        0.4689941,
        0.4631348,
        0.4609375,
        0.4602051,
        0.4504395,
        0.4631348,
        0.4465332,
        0.4423828,
        0.4321289,
        0.4294434,
        0.4121094,
        0.3867188,
        0.3820801,
        0.3740234,
        0.3789063,
        0.3989258,
        0.4470215,
        0.482666,
        0.5317383
    ]
}