{
    "name": "natural/R74",
    "type": "REFLECTANCE_NATURAL",
    "type_max": 1,
    "start_nm": 400,
    "end_nm": 700,
    "resolution": 5,
    "data": [
        0.1955566,
        0.270752,
        0.4543457,
        0.567627,
        0.5686035,
        0.5810547,
        0.6254883,
        0.6262207,
        0.6245117,
        0.6374512,
        0.614502,
        0.626709,
        0.604248,
        0.5852051,
        0.5705566,
        0.5600586,
        0.5358887,
        0.4885254,
        0.4592285,
        0.4619141,
        0.4526367,
        0.4262695,
        0.4072266,
        0.3857422,
        0.3640137,
        0.3325195,
        0.3000488,
        0.2875977,
        0.2709961,
        0.2670898,
        0.2617188,
        0.2487793,
        0.2426758,
        0.234375,
        0.2265625,
        0.2145996,
        0.2041016,
        0.2097168,
        0.2106934,
        0.2321777,
        0.2553711,
        0.269043,
        0.2817383,
        0.2912598,
        0.2866211,
        0.284668,
        0.2814941,
        0.2927246,
        0.3112793,
        0.3212891,
        0.3359375,
        0.378418,
        0.4245605,
        0.4682617,
        0.5136719,
        0.5439453,
        0.5771484,
        0.5803223,
        0.5915527,
        0.5844727,
        0.5698242
    ]
}