{
    "name": "natural/R75",
    "type": "REFLECTANCE_NATURAL",
    "type_max": 1,
    "start_nm": 400,
    "end_nm": 700,
    "resolution": 5,
    "data": [
        0.2607422,
        0.458252,
        0.2839355,
        0.3388672,
        0.4248047,
        0.4638672,
        0.4663086,
        0.5134277,
        0.5285645,
        0.5461426,
        0.5407715,
        0.5568848,
        0.5539551,
        0.5390625,
        0.534668,
        0.5332031,
        0.5124512,
        0.5134277,
        0.4941406,
        0.5053711,
        0.4980469,
        0.4902344,
        0.4714355,
        0.4648438,
        0.4604492,
        0.454834,
        0.4433594,
        0.4328613,
        0.4279785,
        0.4243164,
        0.4128418,
        0.4116211,
        0.4118652,
        0.4069824,
        0.4003906,
        0.4008789,
        0.3952637,
        0.3891602,
        0.394043,
        0.3901367,
        0.3903809,
        0.3879395,
        0.3962402,
        0.3918457,
        0.401123,
        0.3874512,
        0.3952637,
        0.4047852,
        0.4038086,
        0.4067383,
        0.4135742,
        0.4240723,
        0.4196777,
        0.4375,
        0.4382324,
        0.4465332,
        0.4526367,
        0.4538574,
        0.447998,
        0.4484863,
        0.4462891
    ]
}