{
    "name": "natural/R76",
    "type": "REFLECTANCE_NATURAL",
    "type_max": 1,
    "start_nm": 400,
    "end_nm": 700,
    "resolution": 5,
    "data": [
        0.08691406,
        0.333252,
        0.25,
        0.2202148,
        0.1306152,
        0.09448242,
        0.08666992,
        0.06030273,
        0.08911133,
        0.07495117,
        0.07836914,
        0.08056641,
        0.07788086,
        0.08105469,
        0.07739258,
        0.08203125,
        0.09960938,
        0.1188965,
        0.1730957,
        0.2351074,
        0.3015137,
        0.3981934,
        0.5153809,
        0.5947266,
        0.6635742,
        0.7202148,
        0.7692871,
        0.7963867,
        0.8088379,
        0.8349609,
        0.8417969,
        0.8483887,
        0.8522949,
        0.862793,
        0.859375,
        0.8703613,
        0.8842773,
        0.8864746,
        0.8852539,
        0.8928223,
        0.8886719,
        0.8806152,
        0.888916,
        0.885498,
        0.8791504,
        0.876709,
        0.8759766,
        0.8952637,
        0.8833008,
        0.8791504,
        0.8862305,
        0.8820801,
        0.8769531,
        0.8811035,
        0.8713379,
        0.8764648,
        0.8710938,
        0.869873,
        0.8759766,
        0.8496094,
        0.8474121
    ]
}