{
    "name": "natural/R77",
    "type": "REFLECTANCE_NATURAL",
    "type_max": 1,
    "start_nm": 400,
    "end_nm": 700,
    "resolution": 5,
    "data": [
        0.2607422,
        0.104248,
        0.07958984,
        0.1015625,
        0.1044922,
        0.144043,
        0.1228027,
        0.1147461,
        0.1315918,
        0.128418,
        0.1333008,
        0.1318359,
        0.1315918,
        0.128418,
        0.1213379,
        0.1333008,
        0.135498,
        0.1472168,
        0.1838379,
        0.220459,
        0.246582,
        0.3095703,
        0.3815918,
        0.4560547,
        0.5048828,
        0.543457,
        0.5930176,
        0.6091309,
        0.625,
        0.6408691,
        0.6435547,
        0.637207,
        0.6481934,
        0.651123,
        0.6433105,
        0.6420898,
        0.6376953,
        0.625,
        0.6340332,
        0.6318359,
        0.6208496,
        0.6049805,
        0.6101074,
        0.6035156,
        0.5952148,
        0.5935059,
        0.5808105,
        0.5874023,
        0.576416,
        0.5661621,
        0.5527344,
        0.5307617,
        0.5195313,
        0.4907227,
        0.4741211,
        0.4667969,
        0.4711914,
        0.5244141,
        0.5698242,
        0.6311035,
        0.6748047
    ]
}