{
    "name": "natural/R78",
    "type": "REFLECTANCE_NATURAL",
    "type_max": 1,
    "start_nm": 400,
    "end_nm": 700,
    "resolution": 5,
    "data": [
        0.1520996,
        0.02075195,
        0.1477051,
        0.2033691,
        0.1894531,
        0.1845703,
        0.1843262,
        0.1906738,
        0.1889648,
        0.189209,
        0.170166,
        0.1767578,
        0.170166,
        0.159668,
        0.1506348,
        0.1403809,
        0.1308594,
        0.1206055,
        0.1123047,
        0.114502,
        0.1079102,
        0.1064453,
        0.09765625,
        0.09594727,
        0.09277344,
        0.08740234,
        0.09008789,
        0.0859375,
        0.08349609,
        0.08984375,
        0.0871582,
        0.08789063,
        0.08349609,
        0.08349609,
        0.08325195,
        0.08178711,
        0.08666992,
        0.08618164,
        0.08911133,
        0.09179688,
        0.09326172,
        0.09570313,
        0.1005859,
        0.1005859,
        0.09936523,
        0.1010742,
        0.1025391,
        0.1096191,
        0.1188965,
        0.1230469,
        0.1262207,
        0.1394043,
        0.1589355,
        0.1791992,
        0.1967773,
        0.2160645,
        0.2363281,
        0.265625,
        0.2954102,
        0.3164063,
        0.3444824
    ]
}