{
    "name": "natural/R79",
    "type": "REFLECTANCE_NATURAL",
    "type_max": 1,
    "start_nm": 400,
    "end_nm": 700,
    "resolution": 5,
    "data": [
        0.2390137,
        0.375,
        0.1818848,
        0.279541,
        0.2287598,
        0.2431641,
        0.2373047,
        0.2255859,
        0.213623,
        0.2143555,
        0.2016602,
        0.1870117,
        0.1606445,
        0.1462402,
        0.1330566,
        0.1242676,
        0.1081543,
        0.09301758,
        0.08691406,
        0.07983398,
        0.07763672,
        0.07421875,
        0.07202148,
        0.0703125,
        0.06958008,
        0.06616211,
        0.06860352,
        0.06884766,
        0.06787109,
        0.06835938,
        0.07226563,
        0.07543945,
        0.07910156,
        0.08349609,
        0.08374023,
        0.09179688,
        0.1022949,
        0.1132813,
        0.1269531,
        0.1547852,
        0.182373,
        0.2209473,
        0.2668457,
        0.2849121,
        0.3085938,
        0.3513184,
        0.402832,
        0.4707031,
        0.532959,
        0.5810547,
        0.6193848,
        0.6723633,
        0.7062988,
        0.7346191,
        0.760498,
        0.7844238,
        0.7746582,
        0.7866211,
        0.7902832,
        0.7792969,
        0.7836914
    ]
}