{
    "name": "natural/R8",
    "type": "REFLECTANCE_NATURAL",
    "type_max": 1,
    "start_nm": 400,
    "end_nm": 700,
    "resolution": 5,
    "data": [
        0.0,
        0.08935547,
        0.08789063,
        0.05688477,
        0.04223633,
        0.04370117,
        0.03833008,
        0.04272461,
        0.05029297,
        0.05004883,
        0.04394531,
        0.04370117,
        0.04223633,
        0.04345703,
        0.0456543,
        0.04614258,
        0.04492188,
        0.04174805,
        0.04760742,
        0.04980469,
        0.04711914,
        0.0534668,
        0.06176758,
        0.07250977,
        0.08911133,
        0.1052246,
        0.1140137,
        0.1193848,
        0.1203613,
        0.1259766,
        0.1220703,
        0.1137695,
        0.1040039,
        0.09912109,
        0.09277344,
        0.08374023,
        0.07714844,
        0.07202148,
        0.06738281,
        0.06884766,
        0.06469727,
        0.06176758,
        0.05834961,
        0.05566406,
        0.05517578,
        0.0559082,
        0.05810547,
        0.05786133,
        0.05273438,
        0.05395508,
        0.0534668,
        0.05297852,
        0.05175781,
        0.0534668,
        0.0559082,
        0.06298828,
        0.06933594,
        0.07543945,
        0.09155273,
        0.1188965,
        0.1787109
    ]
}