{
    "name": "natural/R80",
    "type": "REFLECTANCE_NATURAL",
    "type_max": 1,
    "start_nm": 400,
    "end_nm": 700,
    "resolution": 5,
    "data": [
        0.08691406,
        0.104248,
        0.1022949,
        0.0847168,
        0.09155273,
        0.08105469,
        0.078125,
        0.08935547,
        0.078125,
        0.09033203,
        0.09179688,
        0.09082031,
        0.08886719,
        0.08813477,
        0.08666992,
        0.08520508,
        0.08813477,
        0.09008789,
        0.09228516,
        0.09545898,
        0.1013184,
        0.107666,
        0.1296387,
        0.1455078,
        0.1706543,
        0.1987305,
        0.2133789,
        0.2236328,
        0.2299805,
        0.2333984,
        0.2299805,
        0.2177734,
        0.2197266,
        0.2041016,
        0.190918,
        0.1762695,
        0.166748,
        0.1594238,
        0.154541,
        0.1513672,
        0.1394043,
        0.1367188,
        0.1257324,
        0.1225586,
        0.1225586,
        0.1201172,
        0.1142578,
        0.1188965,
        0.1071777,
        0.1030273,
        0.1052246,
        0.09936523,
        0.09301758,
        0.1005859,
        0.1025391,
        0.09985352,
        0.1157227,
        0.1281738,
        0.1572266,
        0.2167969,
        0.300293
    ]
}