{
    "name": "natural/R81",
    "type": "REFLECTANCE_NATURAL",
    "type_max": 1,
    "start_nm": 400,
    "end_nm": 700,
    "resolution": 5,
    "data": [
        0.1086426,
        0.25,
        0.1477051,
        0.2033691,
        0.2287598,
        0.2341309,
        0.2568359,
        0.2509766,
        0.2561035,
        0.2512207,
        0.248291,
        0.2380371,
        0.2314453,
        0.215332,
        0.2111816,
        0.1982422,
        0.1848145,
        0.175293,
        0.1606445,
        0.1557617,
        0.1533203,
        0.145752,
        0.1352539,
        0.1276855,
        0.1242676,
        0.1242676,
        0.1184082,
        0.1159668,
        0.114502,
        0.1201172,
        0.1169434,
        0.1164551,
        0.1196289,
        0.1281738,
        0.135498,
        0.145752,
        0.1564941,
        0.171875,
        0.1845703,
        0.206543,
        0.2314453,
        0.2575684,
        0.2841797,
        0.2980957,
        0.309082,
        0.3269043,
        0.3400879,
        0.3640137,
        0.3791504,
        0.3916016,
        0.3925781,
        0.402832,
        0.401123,
        0.4033203,
        0.4040527,
        0.4047852,
        0.4030762,
        0.4245605,
        0.442627,
        0.4438477,
        0.4731445
    ]
}