{
    "name": "natural/R82",
    "type": "REFLECTANCE_NATURAL",
    "type_max": 1,
    "start_nm": 400,
    "end_nm": 700,
    "resolution": 5,
    "data": [
        0.5585938,
        0.1296387,
        0.2114258,
        0.2558594,
        0.2692871,
        0.2509766,
        0.2678223,
        0.2739258,
        0.3205566,
        0.3635254,
        0.3808594,
        0.4243164,
        0.4748535,
        0.5002441,
        0.5412598,
        0.5786133,
        0.6157227,
        0.6586914,
        0.668457,
        0.6923828,
        0.7041016,
        0.7233887,
        0.7131348,
        0.7253418,
        0.7282715,
        0.708252,
        0.7258301,
        0.7351074,
        0.7353516,
        0.7241211,
        0.7260742,
        0.7416992,
        0.7475586,
        0.7392578,
        0.7443848,
        0.7739258,
        0.7810059,
        0.7915039,
        0.8112793,
        0.8181152,
        0.822998,
        0.8466797,
        0.8430176,
        0.8596191,
        0.8457031,
        0.845459,
        0.8527832,
        0.8461914,
        0.8442383,
        0.842041,
        0.8413086,
        0.8466797,
        0.8579102,
        0.8527832,
        0.8466797,
        0.8364258,
        0.8278809,
        0.8486328,
        0.8364258,
        0.8308105,
        0.8337402
    ]
}