{
    "name": "natural/R83",
    "type": "REFLECTANCE_NATURAL",
    "type_max": 1,
    "start_nm": 400,
    "end_nm": 700,
    "resolution": 5,
    "data": [
        0.02929688,
        0.03710938,
        0.125,
        0.1394043,
        0.1437988,
        0.1235352,
        0.1379395,
        0.123291,
        0.1186523,
        0.1191406,
        0.107666,
        0.1220703,
        0.1193848,
        0.1120605,
        0.1147461,
        0.1164551,
        0.1098633,
        0.1149902,
        0.1105957,
        0.1123047,
        0.1096191,
        0.1123047,
        0.1137695,
        0.1103516,
        0.1132813,
        0.112793,
        0.1113281,
        0.109375,
        0.1064453,
        0.1062012,
        0.1069336,
        0.1083984,
        0.1103516,
        0.1015625,
        0.1044922,
        0.105957,
        0.1074219,
        0.1142578,
        0.1162109,
        0.1291504,
        0.1442871,
        0.1691895,
        0.1972656,
        0.2277832,
        0.2414551,
        0.267334,
        0.3173828,
        0.3496094,
        0.3964844,
        0.4345703,
        0.4707031,
        0.513916,
        0.5556641,
        0.5993652,
        0.6201172,
        0.6474609,
        0.657959,
        0.6896973,
        0.6936035,
        0.7160645,
        0.7070313
    ]
}