{
    "name": "natural/R84",
    "type": "REFLECTANCE_NATURAL",
    "type_max": 1,
    "start_nm": 400,
    "end_nm": 700,
    "resolution": 5,
    "data": [
        0.02929688,
        0.03710938,
        0.125,
        0.1550293,
        0.1616211,
        0.1313477,
        0.1828613,
        0.1740723,
        0.1813965,
        0.1933594,
        0.1896973,
        0.1916504,
        0.1789551,
        0.1772461,
        0.1777344,
        0.1828613,
        0.1730957,
        0.1645508,
        0.161377,
        0.1604004,
        0.1574707,
        0.1550293,
        0.1459961,
        0.1391602,
        0.1350098,
        0.1328125,
        0.1330566,
        0.1313477,
        0.1333008,
        0.1254883,
        0.1318359,
        0.1384277,
        0.1428223,
        0.1408691,
        0.1469727,
        0.1589355,
        0.168457,
        0.1867676,
        0.2041016,
        0.2214355,
        0.2392578,
        0.2658691,
        0.2800293,
        0.2900391,
        0.2958984,
        0.3059082,
        0.3217773,
        0.3347168,
        0.3447266,
        0.3596191,
        0.3562012,
        0.3608398,
        0.3779297,
        0.3862305,
        0.3818359,
        0.3881836,
        0.3894043,
        0.418457,
        0.421875,
        0.4428711,
        0.4484863
    ]
}