{
    "name": "natural/R85",
    "type": "REFLECTANCE_NATURAL",
    "type_max": 1,
    "start_nm": 400,
    "end_nm": 700,
    "resolution": 5,
    "data": [
        0.0,
        0.0,
        0.09619141,
        0.0,
        0.05981445,
        0.02319336,
        0.04248047,
        0.03637695,
        0.04736328,
        0.04174805,
        0.04418945,
        0.04272461,
        0.04199219,
        0.04077148,
        0.03588867,
        0.03344727,
        0.02612305,
        0.02636719,
        0.02441406,
        0.02124023,
        0.02270508,
        0.02124023,
        0.02026367,
        0.01879883,
        0.01953125,
        0.01635742,
        0.01757813,
        0.015625,
        0.02026367,
        0.02050781,
        0.02148438,
        0.02197266,
        0.0222168,
        0.02294922,
        0.02783203,
        0.0324707,
        0.04345703,
        0.05883789,
        0.07543945,
        0.1022949,
        0.1494141,
        0.2009277,
        0.2421875,
        0.2814941,
        0.2983398,
        0.3334961,
        0.3669434,
        0.4047852,
        0.4313965,
        0.4494629,
        0.4599609,
        0.4863281,
        0.4968262,
        0.4899902,
        0.4904785,
        0.4992676,
        0.5041504,
        0.5441895,
        0.559082,
        0.5847168,
        0.5979004
    ]
}