{
    "name": "natural/R86",
    "type": "REFLECTANCE_NATURAL",
    "type_max": 1,
    "start_nm": 400,
    "end_nm": 700,
    "resolution": 5,
    "data": [
        0.6174316,
        0.5,
        0.5095215,
        0.6586914,
        0.5986328,
        0.5791016,
        0.6179199,
        0.604248,
        0.5605469,
        0.5600586,
        0.5270996,
        0.5153809,
        0.4848633,
        0.4633789,
        0.4526367,
        0.4221191,
        0.387207,
        0.3664551,
        0.3398438,
        0.3251953,
        0.3278809,
        0.3063965,
        0.2971191,
        0.2885742,
        0.2888184,
        0.2937012,
        0.300293,
        0.3117676,
        0.3371582,
        0.3598633,
        0.3942871,
        0.4301758,
        0.4580078,
        0.4951172,
        0.5405273,
        0.6015625,
        0.6486816,
        0.7126465,
        0.744873,
        0.7744141,
        0.8039551,
        0.8352051,
        0.8288574,
        0.8530273,
        0.8393555,
        0.8532715,
        0.855957,
        0.8520508,
        0.8432617,
        0.8513184,
        0.8376465,
        0.8427734,
        0.8505859,
        0.8393555,
        0.8354492,
        0.8222656,
        0.8117676,
        0.8400879,
        0.8193359,
        0.8378906,
        0.8105469
    ]
}