{
    "name": "natural/R87",
    "type": "REFLECTANCE_NATURAL",
    "type_max": 1,
    "start_nm": 400,
    "end_nm": 700,
    "resolution": 5,
    "data": [
        0.8527832,
        0.7036133,
        0.5576172,
        0.6665039,
        0.7004395,
        0.6369629,
        0.6789551,
        0.7004395,
        0.6984863,
        0.7004395,
        0.682373,
        0.6860352,
        0.6689453,
        0.6630859,
        0.6469727,
        0.642334,
        0.619873,
        0.6235352,
        0.5981445,
        0.598877,
        0.5974121,
        0.5983887,
        0.5720215,
        0.5878906,
        0.5869141,
        0.5778809,
        0.5720215,
        0.5861816,
        0.6040039,
        0.6223145,
        0.6513672,
        0.673584,
        0.6940918,
        0.7038574,
        0.7297363,
        0.7583008,
        0.7834473,
        0.8164063,
        0.8259277,
        0.8310547,
        0.8430176,
        0.8596191,
        0.8532715,
        0.8718262,
        0.8596191,
        0.8662109,
        0.8745117,
        0.8684082,
        0.8742676,
        0.8640137,
        0.869873,
        0.8762207,
        0.8781738,
        0.8737793,
        0.8549805,
        0.8657227,
        0.8562012,
        0.8676758,
        0.8520508,
        0.8693848,
        0.8588867
    ]
}