{
    "name": "natural/R88",
    "type": "REFLECTANCE_NATURAL",
    "type_max": 1,
    "start_nm": 400,
    "end_nm": 700,
    "resolution": 5,
    "data": [
        0.5292969,
        0.333252,
        0.4807129,
        0.5114746,
        0.5446777,
        0.6176758,
        0.71875,
        0.7548828,
        0.7585449,
        0.7685547,
        0.7783203,
        0.782959,
        0.7800293,
        0.7851563,
        0.7873535,
        0.7961426,
        0.7839355,
        0.7880859,
        0.7958984,
        0.7902832,
        0.7954102,
        0.7998047,
        0.7971191,
        0.8095703,
        0.8122559,
        0.8034668,
        0.8093262,
        0.8115234,
        0.8190918,
        0.7946777,
        0.796875,
        0.8076172,
        0.8115234,
        0.8125,
        0.8012695,
        0.7941895,
        0.7861328,
        0.795166,
        0.8029785,
        0.7971191,
        0.7922363,
        0.8049316,
        0.8017578,
        0.8037109,
        0.7880859,
        0.8085938,
        0.8032227,
        0.8000488,
        0.800293,
        0.8017578,
        0.7768555,
        0.7919922,
        0.7990723,
        0.8034668,
        0.7841797,
        0.7949219,
        0.7700195,
        0.791748,
        0.8071289,
        0.7895508,
        0.7702637
    ]
}