{
    "name": "natural/R89",
    "type": "REFLECTANCE_NATURAL",
    "type_max": 1,
    "start_nm": 400,
    "end_nm": 700,
    "resolution": 5,
    "data": [
        0.2646484,
        0.07397461,
        0.09619141,
        0.1008301,
        0.05395508,
        0.05395508,
        0.03710938,
        0.03076172,
        0.02294922,
        0.02148438,
        0.02514648,
        0.01660156,
        0.02099609,
        0.01953125,
        0.01635742,
        0.02368164,
        0.02514648,
        0.02124023,
        0.02636719,
        0.02929688,
        0.03417969,
        0.05273438,
        0.08618164,
        0.1218262,
        0.1640625,
        0.2116699,
        0.2504883,
        0.2797852,
        0.2932129,
        0.3024902,
        0.3120117,
        0.3249512,
        0.3308105,
        0.3256836,
        0.3208008,
        0.3188477,
        0.3139648,
        0.3156738,
        0.3146973,
        0.3115234,
        0.3005371,
        0.2976074,
        0.2839355,
        0.2819824,
        0.2729492,
        0.2727051,
        0.2773438,
        0.269043,
        0.2714844,
        0.2565918,
        0.2478027,
        0.2302246,
        0.2119141,
        0.1879883,
        0.175293,
        0.1755371,
        0.1762695,
        0.2150879,
        0.2504883,
        0.3054199,
        0.3479004
    ]
}