{
    "name": "natural/R9",
    "type": "REFLECTANCE_NATURAL",
    "type_max": 1,
    "start_nm": 400,
    "end_nm": 700,
    "resolution": 5,
    "data": [
        0.3076172,
        0.1428223,
        0.1867676,
        0.2600098,
        0.2287598,
        0.2150879,
        0.2067871,
        0.2302246,
        0.2624512,
        0.2570801,
        0.2490234,
        0.2426758,
        0.2460938,
        0.2504883,
        0.2478027,
        0.2392578,
        0.2348633,
        0.2316895,
        0.2258301,
        0.2216797,
        0.2148438,
        0.2109375,
        0.2058105,
        0.1987305,
        0.1958008,
        0.1828613,
        0.1704102,
        0.1687012,
        0.1652832,
        0.1611328,
        0.1594238,
        0.1611328,
        0.1540527,
        0.154541,
        0.1572266,
        0.1689453,
        0.1813965,
        0.1975098,
        0.217041,
        0.2453613,
        0.2832031,
        0.3234863,
        0.3408203,
        0.3540039,
        0.3725586,
        0.3864746,
        0.4040527,
        0.4086914,
        0.4123535,
        0.416748,
        0.4089355,
        0.4086914,
        0.3964844,
        0.3847656,
        0.3818359,
        0.3884277,
        0.3937988,
        0.4191895,
        0.4519043,
        0.4790039,
        0.4963379
    ]
}