{
    "name": "natural/R90",
    "type": "REFLECTANCE_NATURAL",
    "type_max": 1,
    "start_nm": 400,
    "end_nm": 700,
    "resolution": 5,
    "data": [
        0.5,
        0.3146973,
        0.25,
        0.2712402,
        0.2036133,
        0.1582031,
        0.1777344,
        0.159668,
        0.1494141,
        0.1477051,
        0.1494141,
        0.1481934,
        0.1420898,
        0.1391602,
        0.1386719,
        0.1437988,
        0.1433105,
        0.1459961,
        0.1474609,
        0.144043,
        0.1481934,
        0.154541,
        0.1604004,
        0.1772461,
        0.1931152,
        0.1994629,
        0.2111816,
        0.2097168,
        0.2121582,
        0.2121582,
        0.2080078,
        0.2050781,
        0.1999512,
        0.1931152,
        0.1843262,
        0.177002,
        0.1711426,
        0.1650391,
        0.1672363,
        0.1606445,
        0.1572266,
        0.1594238,
        0.1518555,
        0.1518555,
        0.151123,
        0.1533203,
        0.1503906,
        0.1467285,
        0.1452637,
        0.1420898,
        0.1435547,
        0.1450195,
        0.1484375,
        0.1462402,
        0.144043,
        0.1481934,
        0.154541,
        0.1645508,
        0.1755371,
        0.2075195,
        0.2414551
    ]
}