{
    "name": "natural/R91",
    "type": "REFLECTANCE_NATURAL",
    "type_max": 1,
    "start_nm": 400,
    "end_nm": 700,
    "resolution": 5,
    "data": [
        0.3527832,
        0.2961426,
        0.1921387,
        0.2480469,
        0.2214355,
        0.2585449,
        0.2624512,
        0.2612305,
        0.2438965,
        0.248291,
        0.2521973,
        0.2443848,
        0.2304688,
        0.2229004,
        0.2163086,
        0.2026367,
        0.1860352,
        0.1755371,
        0.1608887,
        0.152832,
        0.1477051,
        0.1398926,
        0.1286621,
        0.1242676,
        0.1149902,
        0.1040039,
        0.09594727,
        0.08886719,
        0.08862305,
        0.08911133,
        0.09008789,
        0.0871582,
        0.09155273,
        0.09106445,
        0.0859375,
        0.08251953,
        0.08227539,
        0.09155273,
        0.1064453,
        0.1279297,
        0.1743164,
        0.2102051,
        0.2421875,
        0.2651367,
        0.2741699,
        0.2949219,
        0.3017578,
        0.3154297,
        0.3305664,
        0.3210449,
        0.3156738,
        0.3295898,
        0.3269043,
        0.3195801,
        0.3242188,
        0.322998,
        0.3256836,
        0.3361816,
        0.3427734,
        0.3791504,
        0.4094238
    ]
}