{
    "name": "natural/R92",
    "type": "REFLECTANCE_NATURAL",
    "type_max": 1,
    "start_nm": 400,
    "end_nm": 700,
    "resolution": 5,
    "data": [
        0.7644043,
        0.5368652,
        0.6247559,
        0.6201172,
        0.6943359,
        0.6176758,
        0.6577148,
        0.6750488,
        0.6333008,
        0.6525879,
        0.638916,
        0.6418457,
        0.6081543,
        0.5820313,
        0.5634766,
        0.5507813,
        0.5080566,
        0.4816895,
        0.4533691,
        0.4277344,
        0.4196777,
        0.4033203,
        0.3728027,
        0.3605957,
        0.3562012,
        0.3383789,
        0.3273926,
        0.3132324,
        0.3217773,
        0.3256836,
        0.3305664,
        0.3476563,
        0.3649902,
        0.376709,
        0.3989258,
        0.4328613,
        0.4760742,
        0.5197754,
        0.5546875,
        0.5935059,
        0.6450195,
        0.6901855,
        0.7180176,
        0.7434082,
        0.7524414,
        0.7709961,
        0.7851563,
        0.807373,
        0.8212891,
        0.8271484,
        0.8269043,
        0.8586426,
        0.8723145,
        0.8547363,
        0.854248,
        0.8601074,
        0.8532715,
        0.8803711,
        0.8527832,
        0.8588867,
        0.8598633
    ]
}