{
    "name": "natural/R93",
    "type": "REFLECTANCE_NATURAL",
    "type_max": 1,
    "start_nm": 400,
    "end_nm": 700,
    "resolution": 5,
    "data": [
        0.2353516,
        0.0925293,
        0.1345215,
        0.1162109,
        0.1137695,
        0.1081543,
        0.1166992,
        0.123291,
        0.111084,
        0.1159668,
        0.1193848,
        0.1193848,
        0.1186523,
        0.1220703,
        0.1193848,
        0.1218262,
        0.1218262,
        0.1210938,
        0.1289063,
        0.1340332,
        0.144043,
        0.1560059,
        0.1772461,
        0.1960449,
        0.2150879,
        0.2421875,
        0.2509766,
        0.2634277,
        0.2646484,
        0.2658691,
        0.2619629,
        0.2558594,
        0.2463379,
        0.2307129,
        0.2219238,
        0.2097168,
        0.1970215,
        0.1918945,
        0.1875,
        0.1853027,
        0.1782227,
        0.1760254,
        0.1633301,
        0.1616211,
        0.1572266,
        0.1574707,
        0.1665039,
        0.1523438,
        0.1491699,
        0.1381836,
        0.1376953,
        0.1425781,
        0.1293945,
        0.1240234,
        0.1357422,
        0.1374512,
        0.1472168,
        0.1691895,
        0.1894531,
        0.2380371,
        0.2946777
    ]
}