{
    "name": "natural/R94",
    "type": "REFLECTANCE_NATURAL",
    "type_max": 1,
    "start_nm": 400,
    "end_nm": 700,
    "resolution": 5,
    "data": [
        0.08813477,
        0.0925293,
        0.03833008,
        0.07739258,
        0.07177734,
        0.06567383,
        0.05297852,
        0.04541016,
        0.04345703,
        0.04980469,
        0.04760742,
        0.04638672,
        0.046875,
        0.046875,
        0.05004883,
        0.04785156,
        0.04760742,
        0.04858398,
        0.04736328,
        0.05004883,
        0.05273438,
        0.05517578,
        0.06787109,
        0.08227539,
        0.09570313,
        0.1149902,
        0.128418,
        0.1386719,
        0.1376953,
        0.1369629,
        0.1342773,
        0.1291504,
        0.1206055,
        0.1088867,
        0.1037598,
        0.09082031,
        0.08422852,
        0.07861328,
        0.07714844,
        0.07275391,
        0.06591797,
        0.0637207,
        0.05834961,
        0.05883789,
        0.05493164,
        0.05395508,
        0.05712891,
        0.05688477,
        0.0546875,
        0.05249023,
        0.04589844,
        0.04760742,
        0.05029297,
        0.04663086,
        0.05273438,
        0.05932617,
        0.0637207,
        0.07202148,
        0.08496094,
        0.1296387,
        0.189209
    ]
}