{
    "name": "natural/R95",
    "type": "REFLECTANCE_NATURAL",
    "type_max": 1,
    "start_nm": 400,
    "end_nm": 700,
    "resolution": 5,
    "data": [
        0.0,
        0.1611328,
        0.3117676,
        0.3769531,
        0.3935547,
        0.4787598,
        0.4660645,
        0.4760742,
        0.4641113,
        0.4655762,
        0.4416504,
        0.435791,
        0.411377,
        0.3959961,
        0.371582,
        0.3361816,
        0.2875977,
        0.2573242,
        0.2272949,
        0.2192383,
        0.2075195,
        0.1787109,
        0.1489258,
        0.1240234,
        0.105957,
        0.09033203,
        0.08374023,
        0.08032227,
        0.07397461,
        0.06469727,
        0.05664063,
        0.04858398,
        0.04467773,
        0.04125977,
        0.04199219,
        0.04321289,
        0.04882813,
        0.05688477,
        0.05224609,
        0.05224609,
        0.04858398,
        0.04541016,
        0.04858398,
        0.05566406,
        0.06079102,
        0.07836914,
        0.1062012,
        0.1669922,
        0.2456055,
        0.3283691,
        0.4157715,
        0.5083008,
        0.59375,
        0.6496582,
        0.6940918,
        0.7167969,
        0.751709,
        0.736084,
        0.7331543,
        0.7434082,
        0.7416992
    ]
}