{
    "name": "natural/R96",
    "type": "REFLECTANCE_NATURAL",
    "type_max": 1,
    "start_nm": 400,
    "end_nm": 700,
    "resolution": 5,
    "data": [
        0.2592773,
        0.1289063,
        0.1828613,
        0.1394043,
        0.125,
        0.1313477,
        0.111084,
        0.1086426,
        0.1052246,
        0.09375,
        0.08618164,
        0.07299805,
        0.06079102,
        0.05175781,
        0.04638672,
        0.03955078,
        0.0300293,
        0.02563477,
        0.02197266,
        0.01977539,
        0.02026367,
        0.01831055,
        0.01904297,
        0.01757813,
        0.0144043,
        0.01367188,
        0.01489258,
        0.01318359,
        0.01733398,
        0.0168457,
        0.01708984,
        0.01513672,
        0.01538086,
        0.01586914,
        0.01708984,
        0.01806641,
        0.01904297,
        0.01782227,
        0.01855469,
        0.02124023,
        0.02197266,
        0.02539063,
        0.02905273,
        0.02905273,
        0.03198242,
        0.03540039,
        0.03808594,
        0.04492188,
        0.05493164,
        0.06225586,
        0.07666016,
        0.1010742,
        0.1313477,
        0.1633301,
        0.2072754,
        0.2607422,
        0.3044434,
        0.3581543,
        0.4152832,
        0.4602051,
        0.4960938
    ]
}