{
    "name": "natural/R97",
    "type": "REFLECTANCE_NATURAL",
    "type_max": 1,
    "start_nm": 400,
    "end_nm": 700,
    "resolution": 5,
    "data": [
        0.4443359,
        0.2097168,
        0.1181641,
        0.08203125,
        0.1125488,
        0.09326172,
        0.08129883,
        0.078125,
        0.0715332,
        0.078125,
        0.07763672,
        0.06933594,
        0.07104492,
        0.07226563,
        0.0715332,
        0.0715332,
        0.06982422,
        0.07202148,
        0.07568359,
        0.07543945,
        0.08251953,
        0.09448242,
        0.114502,
        0.1313477,
        0.161377,
        0.1845703,
        0.2072754,
        0.2116699,
        0.2138672,
        0.215332,
        0.215332,
        0.2062988,
        0.1899414,
        0.184082,
        0.1694336,
        0.1542969,
        0.1386719,
        0.1311035,
        0.1308594,
        0.1245117,
        0.1176758,
        0.112793,
        0.1074219,
        0.1037598,
        0.1018066,
        0.1013184,
        0.09472656,
        0.09570313,
        0.08911133,
        0.08496094,
        0.08422852,
        0.07983398,
        0.08349609,
        0.08959961,
        0.08764648,
        0.09301758,
        0.1074219,
        0.1247559,
        0.1445313,
        0.203125,
        0.2783203
    ]
}