{
    "name": "natural/R98",
    "type": "REFLECTANCE_NATURAL",
    "type_max": 1,
    "start_nm": 400,
    "end_nm": 700,
    "resolution": 5,
    "data": [
        0.111084,
        0.1450195,
        0.07519531,
        0.008300781,
        0.04370117,
        0.04663086,
        0.06762695,
        0.05517578,
        0.05322266,
        0.05004883,
        0.04833984,
        0.04418945,
        0.04638672,
        0.03881836,
        0.04223633,
        0.03662109,
        0.03125,
        0.0324707,
        0.03100586,
        0.02490234,
        0.02954102,
        0.02636719,
        0.02539063,
        0.0234375,
        0.02612305,
        0.02612305,
        0.02734375,
        0.02612305,
        0.03051758,
        0.03125,
        0.0324707,
        0.03808594,
        0.04223633,
        0.05200195,
        0.05981445,
        0.07641602,
        0.09570313,
        0.119873,
        0.144043,
        0.1796875,
        0.2258301,
        0.2648926,
        0.3061523,
        0.3344727,
        0.3461914,
        0.3806152,
        0.4130859,
        0.4462891,
        0.4694824,
        0.4987793,
        0.5109863,
        0.5256348,
        0.5292969,
        0.5444336,
        0.5507813,
        0.565918,
        0.5839844,
        0.5859375,
        0.6054688,
        0.6357422,
        0.6501465
    ]
}