{
    "name": "natural/R99",
    "type": "REFLECTANCE_NATURAL",
    "type_max": 1,
    "start_nm": 400,
    "end_nm": 700,
    "resolution": 5,
    "data": [
        0.333252,
        0.3708496,
        0.3225098,
        0.3112793,
        0.2561035,
        0.2626953,
        0.2546387,
        0.2531738,
        0.2561035,
        0.2458496,
        0.2485352,
        0.244873,
        0.2453613,
        0.2341309,
        0.2351074,
        0.2277832,
        0.2277832,
        0.222168,
        0.217041,
        0.2182617,
        0.2214355,
        0.2126465,
        0.2114258,
        0.2094727,
        0.1989746,
        0.1977539,
        0.2006836,
        0.2045898,
        0.197998,
        0.1999512,
        0.206543,
        0.2080078,
        0.2121582,
        0.2138672,
        0.2172852,
        0.2277832,
        0.2385254,
        0.2512207,
        0.2697754,
        0.2939453,
        0.3352051,
        0.3657227,
        0.3977051,
        0.4365234,
        0.4470215,
        0.4780273,
        0.5031738,
        0.5424805,
        0.5615234,
        0.5737305,
        0.5895996,
        0.614502,
        0.6176758,
        0.6269531,
        0.6135254,
        0.6259766,
        0.6621094,
        0.6733398,
        0.6994629,
        0.7236328,
        0.7407227
    ]
}