{
  "name": "all_high",
  "type": "ILLUMINANT",
  "type_max": 200,
  "start_nm": 400,
  "end_nm": 700,
  "resolution": 5,
  "data": [
    100,
    100.33898305,
    100.6779661,
    101.01694915,
    101.3559322,
    101.69491525,
    102.03389831,
    102.37288136,
    102.71186441,
    103.05084746,
    103.38983051,
    103.72881356,
    104.06779661,
    104.40677966,
    104.74576271,
    105.08474576,
    105.42372881,
    105.76271186,
    106.10169492,
    106.44067797,
    106.77966102,
    107.11864407,
    107.45762712,
    107.79661017,
    108.13559322,
    108.47457627,
    108.81355932,
    109.15254237,
    109.49152542,
    109.83050847,
    110.16949153,
    110.50847458,
    110.84745763,
    111.18644068,
    111.52542373,
    111.86440678,
    112.20338983,
    112.54237288,
    112.88135593,
    113.22033898,
    113.55932203,
    113.89830508,
    114.23728814,
    114.57627119,
    114.91525424,
    115.25423729,
    115.59322034,
    115.93220339,
    116.27118644,
    116.61016949,
    116.94915254,
    117.28813559,
    117.62711864,
    117.96610169,
    118.30508475,
    118.6440678,
    118.98305085,
    119.3220339,
    119.66101695,
    120,
    120
  ]
}