{
  "name": "D40",
  "type": "ILLUMINANT",
  "type_max": 133.66402516941466,
  "start_nm": 400,
  "end_nm": 700,
  "resolution": 5,
  "data": [
    26.391499374442756,
    30.05778970263969,
    33.724080030836625,
    35.79694177403882,
    37.86980351724103,
    37.72879518832625,
    37.58778685941149,
    44.460154143692485,
    51.33252142797348,
    57.36038344699774,
    63.388245466021985,
    65.96214948049436,
    68.53605349496672,
    70.25449790534711,
    71.9729423157275,
    74.68121022458625,
    77.38947813344504,
    77.77972481126153,
    78.16997148907801,
    81.32790368439717,
    84.4858358797163,
    85.87537599980227,
    87.26491611988823,
    88.71680576811515,
    90.16869541634209,
    93.48208721575322,
    96.79547901516435,
    97.18146812382115,
    97.56745723247795,
    99.13038970361914,
    100.69332217476035,
    100.34666108738018,
    100,
    99.48632482219644,
    98.97264964439287,
    100.37598855701269,
    101.77932746963252,
    101.04052903792837,
    100.30173060622423,
    104.28658895953184,
    108.27144731283946,
    110.4965884928954,
    112.72172967295134,
    113.6728955589518,
    114.62406144495228,
    113.66642881424093,
    112.70879618352959,
    116.57321304971497,
    120.43762991590033,
    119.53512117574135,
    118.63261243558236,
    121.7978243435773,
    124.96303625157223,
    129.31353071049344,
    133.66402516941466,
    132.12840690494875,
    130.59278864048284,
    122.00393715197207,
    113.4150856634613,
    117.43029757145622,
    121.44550947945116
  ]
}