{
  "name": "D45",
  "type": "ILLUMINANT",
  "type_max": 115.66156207402165,
  "start_nm": 400,
  "end_nm": 700,
  "resolution": 5,
  "data": [
    37.5489647942024,
    41.07450312259108,
    44.60004145097978,
    46.563276184511516,
    48.52651091804328,
    48.02406147819523,
    47.52161203834719,
    55.41774878345628,
    63.313885528565386,
    69.48311458673393,
    75.65234364490246,
    77.78958473870118,
    79.92682583249987,
    80.97945667008116,
    82.03208750766241,
    84.34717427611407,
    86.66226104456574,
    85.98382138950348,
    85.3053817344412,
    87.80862706841788,
    90.31187240239456,
    91.22126782154031,
    92.13066324068606,
    93.00390788975899,
    93.87715253883191,
    96.76500812902604,
    99.65286371922016,
    99.4501061828264,
    99.24734864643263,
    100.40658830504611,
    101.5658279636596,
    100.78291398182981,
    100,
    99.1590838980812,
    98.31816779616243,
    99.28525381433262,
    100.25233983250283,
    98.29359139599107,
    96.3348429594793,
    99.22978662255491,
    102.12473028563055,
    103.51074581115721,
    104.89676133668388,
    105.23754219405649,
    105.57832305142914,
    104.21740763441412,
    102.8564922173991,
    105.34805530195185,
    107.83961838650463,
    106.50147179123208,
    105.16332519595952,
    107.19534564656792,
    109.22736609717633,
    112.44446408559898,
    115.66156207402165,
    113.86464310173241,
    112.06772412944318,
    105.1023104451557,
    98.13689676086825,
    101.01891721147663,
    103.90093766208504
  ],
  "rgb": [
    0.7224497348005965,
    0.6320076786642433,
    0.5062890659931566
  ],
  "xyz": [
    2169.822985464686,
    2216.582467396081,
    1548.135609512328
  ]
}