{
    "name": "d50",
    "type": "ILLUMINANT",
    "type_max": 200,
    "start_nm": 400,
    "end_nm": 700,
    "resolution": 5,
    "data": [
        48.96320000000001,
        53.001,
        56.3798,
        58.3258,
        59.888400000000004,
        58.85,
        58.364599999999996,
        66.24080000000001,
        74.7056,
        81.11019999999999,
        86.9722,
        88.9996,
        90.52459999999999,
        90.99459999999999,
        91.4404,
        93.2598,
        94.92179999999999,
        93.5358,
        92.1506,
        93.822,
        95.65,
        96.1836,
        96.60439999999998,
        96.8504,
        97.2492,
        99.62280000000001,
        101.924,
        101.446,
        100.824,
        101.546,
        102.20599999999999,
        101.178,
        100.00139999999999,
        98.85119999999999,
        97.82660000000001,
        98.3418,
        98.7444,
        96.19,
        93.7664,
        95.555,
        97.62280000000001,
        98.5014,
        99.2084,
        99.18260000000001,
        98.95759999999999,
        97.3652,
        95.89719999999998,
        97.28779999999999,
        98.6906,
        97.2624,
        95.8282,
        96.88799999999999,
        98.2512,
        100.6356,
        102.742,
        101.158,
        98.9134,
        93.214,
        87.83020000000002,
        89.4248,
        91.5174
    ]
}