{
    "name": "illA",
    "type": "ILLUMINANT",
    "type_max": 200,
    "start_nm": 400,
    "end_nm": 700,
    "resolution": 5,
    "data": [
        14.711400000000001,
        16.151400000000002,
        17.678800000000003,
        19.2942,
        20.998600000000003,
        22.791800000000002,
        24.6744,
        26.645799999999998,
        28.706400000000002,
        30.8544,
        33.08919999999999,
        35.4102,
        37.8152,
        40.303399999999996,
        42.87239999999999,
        45.52040000000001,
        48.245,
        51.0446,
        53.915800000000004,
        56.856399999999994,
        59.8636,
        62.9342,
        66.066,
        69.2544,
        72.498,
        75.79220000000001,
        79.13419999999999,
        82.521,
        85.9484,
        89.4136,
        92.9134,
        96.4434,
        100.00200000000001,
        103.582,
        107.184,
        110.80199999999999,
        114.43599999999999,
        118.08,
        121.72999999999999,
        125.38799999999999,
        129.04,
        132.7,
        136.346,
        139.988,
        143.618,
        147.23600000000002,
        150.836,
        154.416,
        157.98,
        161.51399999999998,
        165.028,
        168.51,
        171.964,
        175.38000000000002,
        178.76600000000002,
        182.11599999999999,
        185.428,
        188.70000000000002,
        191.92799999999997,
        195.116,
        198.26
    ]
}